conversation_id,true_label,predicted_label
conv_09783,guilt_tripping,guilt_tripping
conv_03567,direct_coercion,direct_coercion
conv_03623,passive_aggressive,passive_aggressive
conv_08786,passive_aggressive,passive_aggressive
conv_00331,gaslighting,gaslighting
conv_04959,guilt_tripping,guilt_tripping
conv_03451,neutral,neutral
conv_09339,charm_flattery,charm_flattery
conv_00563,guilt_tripping,guilt_tripping
conv_05299,charm_flattery,charm_flattery
conv_07587,neutral,neutral
conv_01541,charm_flattery,charm_flattery
conv_04606,direct_coercion,direct_coercion
conv_05381,gaslighting,gaslighting
conv_08820,guilt_tripping,guilt_tripping
conv_08111,guilt_tripping,guilt_tripping
conv_09563,direct_coercion,direct_coercion
conv_00975,guilt_tripping,guilt_tripping
conv_01442,guilt_tripping,guilt_tripping
conv_02573,neutral,neutral
conv_06013,direct_coercion,direct_coercion
conv_02730,gaslighting,gaslighting
conv_06994,direct_coercion,direct_coercion
conv_08687,love_bombing,love_bombing
conv_04992,love_bombing,love_bombing
conv_07001,guilt_tripping,guilt_tripping
conv_08754,love_bombing,love_bombing
conv_01309,guilt_tripping,guilt_tripping
conv_09593,guilt_tripping,guilt_tripping
conv_00791,passive_aggressive,passive_aggressive
conv_01527,neutral,neutral
conv_09476,neutral,neutral
conv_02699,charm_flattery,charm_flattery
conv_07593,direct_coercion,direct_coercion
conv_00768,guilt_tripping,guilt_tripping
conv_00208,charm_flattery,charm_flattery
conv_09843,charm_flattery,charm_flattery
conv_02448,neutral,neutral
conv_00671,charm_flattery,charm_flattery
conv_02077,neutral,neutral
conv_00069,neutral,neutral
conv_03916,direct_coercion,direct_coercion
conv_07801,gaslighting,gaslighting
conv_07747,direct_coercion,direct_coercion
conv_05157,gaslighting,gaslighting
conv_01086,neutral,neutral
conv_00087,charm_flattery,charm_flattery
conv_06650,passive_aggressive,passive_aggressive
conv_05925,gaslighting,gaslighting
conv_00631,charm_flattery,charm_flattery
conv_06351,passive_aggressive,passive_aggressive
conv_03955,charm_flattery,charm_flattery
conv_08434,love_bombing,love_bombing
conv_01572,love_bombing,love_bombing
conv_09072,charm_flattery,charm_flattery
conv_09395,guilt_tripping,guilt_tripping
conv_01404,neutral,neutral
conv_03025,guilt_tripping,guilt_tripping
conv_04410,guilt_tripping,guilt_tripping
conv_09770,love_bombing,love_bombing
conv_08875,charm_flattery,charm_flattery
conv_00969,neutral,neutral
conv_00244,neutral,neutral
conv_00896,guilt_tripping,guilt_tripping
conv_06329,gaslighting,gaslighting
conv_00974,guilt_tripping,guilt_tripping
conv_01195,direct_coercion,direct_coercion
conv_02431,charm_flattery,charm_flattery
conv_09901,guilt_tripping,guilt_tripping
conv_07858,neutral,neutral
conv_03915,love_bombing,love_bombing
conv_00319,passive_aggressive,passive_aggressive
conv_01498,direct_coercion,direct_coercion
conv_04867,passive_aggressive,passive_aggressive
conv_04907,charm_flattery,charm_flattery
conv_01407,passive_aggressive,passive_aggressive
conv_06346,charm_flattery,charm_flattery
conv_08927,guilt_tripping,guilt_tripping
conv_01548,guilt_tripping,guilt_tripping
conv_00055,charm_flattery,charm_flattery
conv_08801,direct_coercion,direct_coercion
conv_05675,love_bombing,love_bombing
conv_03516,gaslighting,gaslighting
conv_09333,love_bombing,love_bombing
conv_00812,gaslighting,gaslighting
conv_08332,direct_coercion,direct_coercion
conv_02389,charm_flattery,charm_flattery
conv_01299,guilt_tripping,guilt_tripping
conv_09895,neutral,neutral
conv_05464,charm_flattery,charm_flattery
conv_03951,neutral,neutral
conv_07392,passive_aggressive,passive_aggressive
conv_00638,passive_aggressive,passive_aggressive
conv_00958,love_bombing,love_bombing
conv_09058,love_bombing,love_bombing
conv_01344,guilt_tripping,guilt_tripping
conv_09111,guilt_tripping,guilt_tripping
conv_05772,passive_aggressive,passive_aggressive
conv_09741,charm_flattery,charm_flattery
conv_05834,neutral,neutral
conv_09559,guilt_tripping,guilt_tripping
conv_07704,love_bombing,love_bombing
conv_00576,guilt_tripping,guilt_tripping
conv_04328,passive_aggressive,passive_aggressive
conv_06198,guilt_tripping,guilt_tripping
conv_03301,direct_coercion,direct_coercion
conv_04622,direct_coercion,direct_coercion
conv_06701,charm_flattery,charm_flattery
conv_09225,gaslighting,gaslighting
conv_06507,gaslighting,gaslighting
conv_00972,charm_flattery,charm_flattery
conv_00364,charm_flattery,charm_flattery
conv_08092,guilt_tripping,guilt_tripping
conv_05218,gaslighting,gaslighting
conv_02168,neutral,neutral
conv_09804,gaslighting,gaslighting
conv_00611,guilt_tripping,guilt_tripping
conv_07550,charm_flattery,charm_flattery
conv_02815,neutral,neutral
conv_01622,gaslighting,gaslighting
conv_04868,passive_aggressive,passive_aggressive
conv_04871,neutral,neutral
conv_09267,passive_aggressive,passive_aggressive
conv_08789,love_bombing,love_bombing
conv_01169,passive_aggressive,passive_aggressive
conv_09627,charm_flattery,charm_flattery
conv_02938,passive_aggressive,passive_aggressive
conv_02110,passive_aggressive,passive_aggressive
conv_02233,love_bombing,love_bombing
conv_06177,love_bombing,love_bombing
conv_06366,direct_coercion,direct_coercion
conv_03865,love_bombing,love_bombing
conv_00293,neutral,neutral
conv_04303,charm_flattery,charm_flattery
conv_03942,charm_flattery,charm_flattery
conv_08566,guilt_tripping,guilt_tripping
conv_04831,charm_flattery,charm_flattery
conv_09722,gaslighting,gaslighting
conv_05391,gaslighting,gaslighting
conv_09176,love_bombing,love_bombing
conv_02393,passive_aggressive,passive_aggressive
conv_01985,charm_flattery,charm_flattery
conv_09239,gaslighting,gaslighting
conv_04822,direct_coercion,direct_coercion
conv_04184,love_bombing,love_bombing
conv_03827,direct_coercion,direct_coercion
conv_07483,passive_aggressive,passive_aggressive
conv_08209,passive_aggressive,passive_aggressive
conv_01224,neutral,neutral
conv_04859,passive_aggressive,passive_aggressive
conv_00685,love_bombing,love_bombing
conv_09725,gaslighting,gaslighting
conv_02663,charm_flattery,charm_flattery
conv_08734,charm_flattery,charm_flattery
conv_05634,neutral,neutral
conv_04371,neutral,neutral
conv_06189,gaslighting,gaslighting
conv_07043,passive_aggressive,passive_aggressive
conv_08157,neutral,neutral
conv_03084,neutral,neutral
conv_09738,passive_aggressive,passive_aggressive
conv_01142,passive_aggressive,passive_aggressive
conv_03448,passive_aggressive,passive_aggressive
conv_03556,direct_coercion,direct_coercion
conv_06095,direct_coercion,direct_coercion
conv_02934,direct_coercion,direct_coercion
conv_02956,guilt_tripping,guilt_tripping
conv_00177,love_bombing,love_bombing
conv_04425,direct_coercion,direct_coercion
conv_03532,passive_aggressive,passive_aggressive
conv_08069,neutral,neutral
conv_04659,guilt_tripping,guilt_tripping
conv_05721,guilt_tripping,guilt_tripping
conv_07633,guilt_tripping,guilt_tripping
conv_02724,charm_flattery,charm_flattery
conv_00660,direct_coercion,direct_coercion
conv_09702,charm_flattery,charm_flattery
conv_00222,direct_coercion,direct_coercion
conv_03257,passive_aggressive,passive_aggressive
conv_05823,passive_aggressive,passive_aggressive
conv_08510,love_bombing,love_bombing
conv_00317,passive_aggressive,passive_aggressive
conv_00468,direct_coercion,direct_coercion
conv_06482,charm_flattery,charm_flattery
conv_09200,love_bombing,love_bombing
conv_00091,gaslighting,gaslighting
conv_05937,passive_aggressive,passive_aggressive
conv_09103,neutral,neutral
conv_06085,charm_flattery,charm_flattery
conv_02172,passive_aggressive,passive_aggressive
conv_06263,passive_aggressive,passive_aggressive
conv_03760,gaslighting,gaslighting
conv_03775,passive_aggressive,passive_aggressive
conv_00032,guilt_tripping,guilt_tripping
conv_03641,neutral,neutral
conv_07470,charm_flattery,charm_flattery
conv_06671,charm_flattery,charm_flattery
conv_09154,guilt_tripping,guilt_tripping
conv_02697,passive_aggressive,passive_aggressive
conv_04102,guilt_tripping,guilt_tripping
conv_08254,passive_aggressive,passive_aggressive
conv_01423,charm_flattery,charm_flattery
conv_04766,love_bombing,love_bombing
conv_01935,passive_aggressive,passive_aggressive
conv_02084,direct_coercion,direct_coercion
conv_01262,passive_aggressive,passive_aggressive
conv_02734,charm_flattery,charm_flattery
conv_02344,charm_flattery,charm_flattery
conv_00648,neutral,neutral
conv_01712,love_bombing,love_bombing
conv_04387,direct_coercion,direct_coercion
conv_06109,neutral,neutral
conv_06361,charm_flattery,charm_flattery
conv_01140,gaslighting,gaslighting
conv_04526,guilt_tripping,guilt_tripping
conv_08395,love_bombing,love_bombing
conv_00800,guilt_tripping,guilt_tripping
conv_06830,neutral,neutral
conv_02298,passive_aggressive,passive_aggressive
conv_03403,love_bombing,love_bombing
conv_07757,passive_aggressive,passive_aggressive
conv_06517,passive_aggressive,passive_aggressive
conv_04351,love_bombing,love_bombing
conv_05233,love_bombing,love_bombing
conv_09029,love_bombing,love_bombing
conv_03610,direct_coercion,direct_coercion
conv_08635,neutral,neutral
conv_04182,guilt_tripping,guilt_tripping
conv_03049,gaslighting,gaslighting
conv_05279,neutral,neutral
conv_05763,passive_aggressive,passive_aggressive
conv_05396,neutral,neutral
conv_02253,neutral,neutral
conv_02735,love_bombing,love_bombing
conv_09989,charm_flattery,charm_flattery
conv_08463,neutral,neutral
conv_01126,direct_coercion,direct_coercion
conv_01318,gaslighting,gaslighting
conv_05400,direct_coercion,direct_coercion
conv_01562,neutral,neutral
conv_08535,passive_aggressive,passive_aggressive
conv_02254,passive_aggressive,passive_aggressive
conv_00135,gaslighting,gaslighting
conv_01585,charm_flattery,charm_flattery
conv_07781,direct_coercion,direct_coercion
conv_03137,passive_aggressive,passive_aggressive
conv_07174,guilt_tripping,guilt_tripping
conv_04445,charm_flattery,charm_flattery
conv_00179,direct_coercion,direct_coercion
conv_02051,love_bombing,love_bombing
conv_01358,guilt_tripping,guilt_tripping
conv_02242,neutral,neutral
conv_07833,passive_aggressive,passive_aggressive
conv_02700,gaslighting,gaslighting
conv_08837,guilt_tripping,guilt_tripping
conv_09862,passive_aggressive,passive_aggressive
conv_08295,passive_aggressive,passive_aggressive
conv_01208,love_bombing,love_bombing
conv_01084,passive_aggressive,passive_aggressive
conv_05572,charm_flattery,charm_flattery
conv_05509,passive_aggressive,passive_aggressive
conv_02487,guilt_tripping,guilt_tripping
conv_03805,neutral,neutral
conv_07597,direct_coercion,direct_coercion
conv_03097,direct_coercion,direct_coercion
conv_01077,charm_flattery,charm_flattery
conv_05093,guilt_tripping,guilt_tripping
conv_03046,gaslighting,gaslighting
conv_02524,gaslighting,gaslighting
conv_07063,love_bombing,love_bombing
conv_06423,direct_coercion,direct_coercion
conv_01219,gaslighting,gaslighting
conv_07204,guilt_tripping,guilt_tripping
conv_05007,passive_aggressive,passive_aggressive
conv_05702,passive_aggressive,passive_aggressive
conv_07290,passive_aggressive,passive_aggressive
conv_05001,neutral,neutral
conv_03213,guilt_tripping,guilt_tripping
conv_09500,gaslighting,gaslighting
conv_00950,neutral,neutral
conv_07440,direct_coercion,direct_coercion
conv_00588,neutral,neutral
conv_03558,love_bombing,love_bombing
conv_09898,passive_aggressive,passive_aggressive
conv_07010,love_bombing,love_bombing
conv_08752,love_bombing,love_bombing
conv_08393,love_bombing,love_bombing
conv_09614,love_bombing,love_bombing
conv_05829,neutral,neutral
conv_00845,passive_aggressive,passive_aggressive
conv_08685,neutral,neutral
conv_05954,charm_flattery,charm_flattery
conv_04465,passive_aggressive,passive_aggressive
conv_01809,love_bombing,love_bombing
conv_01959,charm_flattery,charm_flattery
conv_07797,guilt_tripping,guilt_tripping
conv_03038,neutral,neutral
conv_08258,neutral,neutral
conv_04378,charm_flattery,charm_flattery
conv_01921,neutral,neutral
conv_00242,gaslighting,gaslighting
conv_06786,love_bombing,love_bombing
conv_05215,guilt_tripping,guilt_tripping
conv_06055,direct_coercion,direct_coercion
conv_04123,gaslighting,gaslighting
conv_08201,direct_coercion,direct_coercion
conv_03579,charm_flattery,charm_flattery
conv_02578,gaslighting,gaslighting
conv_03628,direct_coercion,direct_coercion
conv_09450,gaslighting,gaslighting
conv_05542,neutral,neutral
conv_00339,gaslighting,gaslighting
conv_07672,guilt_tripping,guilt_tripping
conv_02245,direct_coercion,direct_coercion
conv_07376,gaslighting,gaslighting
conv_03599,guilt_tripping,guilt_tripping
conv_07848,guilt_tripping,guilt_tripping
conv_09179,love_bombing,love_bombing
conv_06020,love_bombing,love_bombing
conv_09051,neutral,neutral
conv_04101,neutral,neutral
conv_05950,neutral,neutral
conv_07949,passive_aggressive,passive_aggressive
conv_06930,passive_aggressive,passive_aggressive
conv_06153,guilt_tripping,guilt_tripping
conv_08731,neutral,neutral
conv_07934,charm_flattery,charm_flattery
conv_09761,passive_aggressive,passive_aggressive
conv_00221,direct_coercion,direct_coercion
conv_06088,guilt_tripping,guilt_tripping
conv_09400,guilt_tripping,guilt_tripping
conv_08756,neutral,neutral
conv_03963,charm_flattery,charm_flattery
conv_03543,direct_coercion,direct_coercion
conv_02184,passive_aggressive,passive_aggressive
conv_01942,guilt_tripping,guilt_tripping
conv_02525,love_bombing,love_bombing
conv_05342,neutral,neutral
conv_09141,direct_coercion,direct_coercion
conv_08080,guilt_tripping,guilt_tripping
conv_08963,guilt_tripping,guilt_tripping
conv_03005,gaslighting,gaslighting
conv_00409,love_bombing,love_bombing
conv_07406,love_bombing,love_bombing
conv_02497,passive_aggressive,passive_aggressive
conv_01217,guilt_tripping,guilt_tripping
conv_03288,guilt_tripping,guilt_tripping
conv_09068,gaslighting,gaslighting
conv_03606,passive_aggressive,passive_aggressive
conv_00820,love_bombing,love_bombing
conv_01286,neutral,neutral
conv_00587,love_bombing,love_bombing
conv_03419,guilt_tripping,guilt_tripping
conv_06196,guilt_tripping,guilt_tripping
conv_06167,gaslighting,gaslighting
conv_05942,love_bombing,love_bombing
conv_06216,guilt_tripping,guilt_tripping
conv_03180,passive_aggressive,passive_aggressive
conv_06920,charm_flattery,charm_flattery
conv_06851,passive_aggressive,passive_aggressive
conv_06992,passive_aggressive,passive_aggressive
conv_06051,direct_coercion,direct_coercion
conv_06647,charm_flattery,charm_flattery
conv_06292,guilt_tripping,guilt_tripping
conv_09746,direct_coercion,direct_coercion
conv_02484,gaslighting,gaslighting
conv_04408,direct_coercion,direct_coercion
conv_08568,gaslighting,gaslighting
conv_06363,gaslighting,gaslighting
conv_06785,passive_aggressive,passive_aggressive
conv_05046,passive_aggressive,passive_aggressive
conv_01141,guilt_tripping,guilt_tripping
conv_03716,love_bombing,love_bombing
conv_08413,guilt_tripping,guilt_tripping
conv_08232,guilt_tripping,guilt_tripping
conv_00723,direct_coercion,direct_coercion
conv_04432,guilt_tripping,guilt_tripping
conv_05430,passive_aggressive,passive_aggressive
conv_02262,gaslighting,gaslighting
conv_05119,direct_coercion,direct_coercion
conv_03956,gaslighting,gaslighting
conv_05039,guilt_tripping,guilt_tripping
conv_02596,passive_aggressive,passive_aggressive
conv_02930,charm_flattery,charm_flattery
conv_07015,direct_coercion,direct_coercion
conv_07238,gaslighting,gaslighting
conv_01947,love_bombing,love_bombing
conv_05901,charm_flattery,charm_flattery
conv_02585,neutral,neutral
conv_06148,neutral,neutral
conv_05145,neutral,neutral
conv_05755,charm_flattery,charm_flattery
conv_04208,neutral,neutral
conv_08744,neutral,neutral
conv_05510,neutral,neutral
conv_03512,guilt_tripping,guilt_tripping
conv_05395,charm_flattery,charm_flattery
conv_02471,direct_coercion,direct_coercion
conv_04821,guilt_tripping,guilt_tripping
conv_01459,guilt_tripping,guilt_tripping
conv_05456,direct_coercion,direct_coercion
conv_08470,neutral,neutral
conv_05207,love_bombing,love_bombing
conv_02988,gaslighting,gaslighting
conv_08452,passive_aggressive,passive_aggressive
conv_04793,gaslighting,gaslighting
conv_04113,direct_coercion,direct_coercion
conv_04296,love_bombing,love_bombing
conv_07958,passive_aggressive,passive_aggressive
conv_07694,charm_flattery,charm_flattery
conv_09362,love_bombing,love_bombing
conv_03211,neutral,neutral
conv_03336,neutral,neutral
conv_01079,direct_coercion,direct_coercion
conv_02545,neutral,neutral
conv_04423,passive_aggressive,passive_aggressive
conv_06894,gaslighting,gaslighting
conv_02782,passive_aggressive,passive_aggressive
conv_07734,passive_aggressive,passive_aggressive
conv_04906,guilt_tripping,guilt_tripping
conv_00453,gaslighting,gaslighting
conv_04817,passive_aggressive,passive_aggressive
conv_09343,gaslighting,gaslighting
conv_01993,love_bombing,love_bombing
conv_04049,guilt_tripping,guilt_tripping
conv_09689,direct_coercion,direct_coercion
conv_00251,neutral,neutral
conv_06106,charm_flattery,charm_flattery
conv_05335,passive_aggressive,passive_aggressive
conv_08719,guilt_tripping,guilt_tripping
conv_01888,neutral,neutral
conv_07611,gaslighting,gaslighting
conv_03829,neutral,neutral
conv_01214,love_bombing,love_bombing
conv_08061,passive_aggressive,passive_aggressive
conv_07526,charm_flattery,charm_flattery
conv_05756,guilt_tripping,guilt_tripping
conv_00388,love_bombing,love_bombing
conv_03447,passive_aggressive,passive_aggressive
conv_09821,passive_aggressive,passive_aggressive
conv_02284,charm_flattery,charm_flattery
conv_07365,gaslighting,gaslighting
conv_07658,gaslighting,gaslighting
conv_03598,passive_aggressive,passive_aggressive
conv_07410,direct_coercion,direct_coercion
conv_09651,passive_aggressive,passive_aggressive
conv_02183,passive_aggressive,passive_aggressive
conv_03228,love_bombing,love_bombing
conv_06686,charm_flattery,charm_flattery
conv_03016,passive_aggressive,passive_aggressive
conv_00386,passive_aggressive,passive_aggressive
conv_00165,gaslighting,gaslighting
conv_07615,gaslighting,gaslighting
conv_06883,love_bombing,love_bombing
conv_09224,gaslighting,gaslighting
conv_07385,neutral,neutral
conv_06526,neutral,neutral
conv_02520,gaslighting,gaslighting
conv_09250,gaslighting,gaslighting
conv_05202,guilt_tripping,guilt_tripping
conv_06689,gaslighting,gaslighting
conv_03012,charm_flattery,charm_flattery
conv_02355,neutral,neutral
conv_00373,neutral,neutral
conv_08706,love_bombing,love_bombing
conv_08740,direct_coercion,direct_coercion
conv_08483,guilt_tripping,guilt_tripping
conv_04593,neutral,neutral
conv_09081,direct_coercion,direct_coercion
conv_07402,neutral,neutral
conv_01044,direct_coercion,direct_coercion
conv_00357,gaslighting,gaslighting
conv_06733,guilt_tripping,guilt_tripping
conv_06606,direct_coercion,direct_coercion
conv_06248,gaslighting,gaslighting
conv_03735,passive_aggressive,passive_aggressive
conv_08426,direct_coercion,direct_coercion
conv_05878,neutral,neutral
conv_03130,passive_aggressive,passive_aggressive
conv_04687,passive_aggressive,passive_aggressive
conv_03768,gaslighting,gaslighting
conv_09372,love_bombing,love_bombing
conv_01507,direct_coercion,direct_coercion
conv_09126,neutral,neutral
conv_04278,love_bombing,love_bombing
conv_07637,guilt_tripping,guilt_tripping
conv_07571,gaslighting,gaslighting
conv_03595,love_bombing,love_bombing
conv_09985,guilt_tripping,guilt_tripping
conv_05358,direct_coercion,direct_coercion
conv_08425,gaslighting,gaslighting
conv_03895,passive_aggressive,passive_aggressive
conv_07630,love_bombing,love_bombing
conv_01901,charm_flattery,charm_flattery
conv_07128,neutral,neutral
conv_05642,direct_coercion,direct_coercion
conv_03364,gaslighting,gaslighting
conv_05309,direct_coercion,direct_coercion
conv_07737,neutral,neutral
conv_03779,neutral,neutral
conv_07309,passive_aggressive,passive_aggressive
conv_08712,neutral,neutral
conv_09105,neutral,neutral
conv_07717,direct_coercion,direct_coercion
conv_06582,guilt_tripping,guilt_tripping
conv_00838,neutral,neutral
conv_05334,passive_aggressive,passive_aggressive
conv_09660,love_bombing,love_bombing
conv_00971,gaslighting,gaslighting
conv_08320,gaslighting,gaslighting
conv_08473,passive_aggressive,passive_aggressive
conv_03873,passive_aggressive,passive_aggressive
conv_09836,love_bombing,love_bombing
conv_08302,neutral,neutral
conv_00057,neutral,neutral
conv_03584,charm_flattery,charm_flattery
conv_08600,gaslighting,gaslighting
conv_00268,love_bombing,love_bombing
conv_03321,gaslighting,gaslighting
conv_06819,charm_flattery,charm_flattery
conv_05956,charm_flattery,charm_flattery
conv_02499,neutral,neutral
conv_02435,love_bombing,love_bombing
conv_01603,gaslighting,gaslighting
conv_05922,guilt_tripping,guilt_tripping
conv_00837,love_bombing,love_bombing
conv_08130,passive_aggressive,passive_aggressive
conv_06131,charm_flattery,charm_flattery
conv_03857,direct_coercion,direct_coercion
conv_08705,charm_flattery,charm_flattery
conv_05096,guilt_tripping,guilt_tripping
conv_05113,passive_aggressive,passive_aggressive
conv_01593,neutral,neutral
conv_05541,love_bombing,love_bombing
conv_06954,guilt_tripping,guilt_tripping
conv_03510,charm_flattery,charm_flattery
conv_08593,direct_coercion,direct_coercion
conv_02453,love_bombing,love_bombing
conv_08485,guilt_tripping,guilt_tripping
conv_05058,love_bombing,love_bombing
conv_03538,passive_aggressive,passive_aggressive
conv_01960,love_bombing,love_bombing
conv_01490,direct_coercion,direct_coercion
conv_01069,guilt_tripping,guilt_tripping
conv_06321,gaslighting,gaslighting
conv_08888,passive_aggressive,passive_aggressive
conv_07989,guilt_tripping,guilt_tripping
conv_00701,charm_flattery,charm_flattery
conv_05331,guilt_tripping,guilt_tripping
conv_05110,gaslighting,gaslighting
conv_03899,direct_coercion,direct_coercion
conv_04082,neutral,neutral
conv_06753,love_bombing,love_bombing
conv_00909,love_bombing,love_bombing
conv_06977,direct_coercion,direct_coercion
conv_07074,direct_coercion,direct_coercion
conv_05643,charm_flattery,charm_flattery
conv_00867,direct_coercion,direct_coercion
conv_03533,gaslighting,gaslighting
conv_03044,neutral,neutral
conv_02275,passive_aggressive,passive_aggressive
conv_04618,neutral,neutral
conv_01730,charm_flattery,charm_flattery
conv_05672,gaslighting,gaslighting
conv_01435,passive_aggressive,passive_aggressive
conv_02199,neutral,neutral
conv_04407,neutral,neutral
conv_06125,neutral,neutral
conv_01547,love_bombing,love_bombing
conv_06070,guilt_tripping,guilt_tripping
conv_00037,guilt_tripping,guilt_tripping
conv_05521,neutral,neutral
conv_04737,love_bombing,love_bombing
conv_07224,gaslighting,gaslighting
conv_05343,love_bombing,love_bombing
conv_06432,passive_aggressive,passive_aggressive
conv_04329,guilt_tripping,guilt_tripping
conv_00097,passive_aggressive,passive_aggressive
conv_07671,gaslighting,gaslighting
conv_04755,gaslighting,gaslighting
conv_07479,guilt_tripping,guilt_tripping
conv_05630,neutral,neutral
conv_04683,passive_aggressive,passive_aggressive
conv_06009,direct_coercion,direct_coercion
conv_09682,gaslighting,gaslighting
conv_01257,passive_aggressive,passive_aggressive
conv_09192,neutral,neutral
conv_05284,gaslighting,gaslighting
conv_01875,guilt_tripping,guilt_tripping
conv_09070,direct_coercion,direct_coercion
conv_06437,guilt_tripping,guilt_tripping
conv_01032,passive_aggressive,passive_aggressive
conv_03009,neutral,neutral
conv_00493,gaslighting,gaslighting
conv_06735,direct_coercion,direct_coercion
conv_07335,neutral,neutral
conv_02909,passive_aggressive,passive_aggressive
conv_09101,passive_aggressive,passive_aggressive
conv_00003,gaslighting,gaslighting
conv_06514,gaslighting,gaslighting
conv_00111,gaslighting,gaslighting
conv_00301,love_bombing,love_bombing
conv_08206,gaslighting,gaslighting
conv_09655,passive_aggressive,passive_aggressive
conv_06270,love_bombing,love_bombing
conv_09571,neutral,neutral
conv_00789,direct_coercion,direct_coercion
conv_01582,passive_aggressive,passive_aggressive
conv_03783,charm_flattery,charm_flattery
conv_00968,direct_coercion,direct_coercion
conv_08135,charm_flattery,charm_flattery
conv_04152,gaslighting,gaslighting
conv_01225,direct_coercion,direct_coercion
conv_03430,love_bombing,love_bombing
conv_03116,neutral,neutral
conv_03727,charm_flattery,charm_flattery
conv_07260,neutral,neutral
conv_02058,guilt_tripping,guilt_tripping
conv_04235,neutral,neutral
conv_07180,neutral,neutral
conv_00101,charm_flattery,charm_flattery
conv_07449,guilt_tripping,guilt_tripping
conv_04786,charm_flattery,charm_flattery
conv_05523,gaslighting,gaslighting
conv_04789,direct_coercion,direct_coercion
conv_07020,direct_coercion,direct_coercion
conv_08158,passive_aggressive,passive_aggressive
conv_09431,charm_flattery,charm_flattery
conv_06393,passive_aggressive,passive_aggressive
conv_02170,direct_coercion,direct_coercion
conv_02603,guilt_tripping,guilt_tripping
conv_05605,passive_aggressive,passive_aggressive
conv_02222,charm_flattery,charm_flattery
conv_09430,direct_coercion,direct_coercion
conv_03738,charm_flattery,charm_flattery
conv_07337,charm_flattery,charm_flattery
conv_06380,gaslighting,gaslighting
conv_09597,charm_flattery,charm_flattery
conv_06238,guilt_tripping,guilt_tripping
conv_04983,direct_coercion,direct_coercion
conv_08097,gaslighting,gaslighting
conv_02474,neutral,neutral
conv_09692,charm_flattery,charm_flattery
conv_02739,passive_aggressive,passive_aggressive
conv_04792,love_bombing,love_bombing
conv_09247,passive_aggressive,passive_aggressive
conv_08636,love_bombing,love_bombing
conv_06123,guilt_tripping,guilt_tripping
conv_04576,passive_aggressive,passive_aggressive
conv_08026,gaslighting,gaslighting
conv_01375,passive_aggressive,passive_aggressive
conv_09305,passive_aggressive,passive_aggressive
conv_04884,neutral,neutral
conv_06881,guilt_tripping,guilt_tripping
conv_09470,neutral,neutral
conv_05310,gaslighting,gaslighting
conv_07399,love_bombing,love_bombing
conv_07653,gaslighting,gaslighting
conv_04528,love_bombing,love_bombing
conv_01971,gaslighting,gaslighting
conv_03969,gaslighting,gaslighting
conv_06568,passive_aggressive,passive_aggressive
conv_03771,neutral,neutral
conv_01799,direct_coercion,direct_coercion
conv_04392,love_bombing,love_bombing
conv_05853,charm_flattery,charm_flattery
conv_02030,guilt_tripping,guilt_tripping
conv_09539,passive_aggressive,passive_aggressive
conv_06775,love_bombing,love_bombing
conv_04619,gaslighting,gaslighting
conv_01178,guilt_tripping,guilt_tripping
conv_08946,direct_coercion,direct_coercion
conv_01193,charm_flattery,charm_flattery
conv_09191,direct_coercion,direct_coercion
conv_04556,neutral,neutral
conv_05778,love_bombing,love_bombing
conv_02333,guilt_tripping,guilt_tripping
conv_07732,direct_coercion,direct_coercion
conv_00595,gaslighting,gaslighting
conv_07104,guilt_tripping,guilt_tripping
conv_07178,love_bombing,love_bombing
conv_09204,guilt_tripping,guilt_tripping
conv_08119,guilt_tripping,guilt_tripping
conv_00374,neutral,neutral
conv_02543,passive_aggressive,passive_aggressive
conv_04215,love_bombing,love_bombing
conv_00403,gaslighting,gaslighting
conv_04645,guilt_tripping,guilt_tripping
conv_03285,neutral,neutral
conv_05952,gaslighting,gaslighting
conv_09092,gaslighting,gaslighting
conv_05592,love_bombing,love_bombing
conv_01640,direct_coercion,direct_coercion
conv_06300,love_bombing,love_bombing
conv_03053,neutral,neutral
conv_09765,direct_coercion,direct_coercion
conv_02465,gaslighting,gaslighting
conv_02621,guilt_tripping,guilt_tripping
conv_00983,charm_flattery,charm_flattery
conv_01106,guilt_tripping,guilt_tripping
conv_09988,gaslighting,gaslighting
conv_06903,guilt_tripping,guilt_tripping
conv_01196,passive_aggressive,passive_aggressive
conv_02422,gaslighting,gaslighting
conv_05992,passive_aggressive,passive_aggressive
conv_01161,guilt_tripping,guilt_tripping
conv_03064,gaslighting,gaslighting
conv_05287,neutral,neutral
conv_06551,direct_coercion,direct_coercion
conv_07124,love_bombing,love_bombing
conv_01610,charm_flattery,charm_flattery
conv_00538,guilt_tripping,guilt_tripping
conv_08051,neutral,neutral
conv_05851,passive_aggressive,passive_aggressive
conv_07045,neutral,neutral
conv_09658,neutral,neutral
conv_02522,passive_aggressive,passive_aggressive
conv_04878,passive_aggressive,passive_aggressive
conv_01848,passive_aggressive,passive_aggressive
conv_03495,gaslighting,gaslighting
conv_00492,neutral,neutral
conv_02865,love_bombing,love_bombing
conv_09182,passive_aggressive,passive_aggressive
conv_00109,passive_aggressive,passive_aggressive
conv_04863,gaslighting,gaslighting
conv_02477,gaslighting,gaslighting
conv_07821,love_bombing,love_bombing
conv_01543,gaslighting,gaslighting
conv_09959,charm_flattery,charm_flattery
conv_05281,love_bombing,love_bombing
conv_00148,direct_coercion,direct_coercion
conv_05498,love_bombing,love_bombing
conv_08570,love_bombing,love_bombing
conv_01500,neutral,neutral
conv_03557,love_bombing,love_bombing
conv_04494,charm_flattery,charm_flattery
conv_09448,love_bombing,love_bombing
conv_03226,charm_flattery,charm_flattery
conv_03297,direct_coercion,direct_coercion
conv_06604,love_bombing,love_bombing
conv_07736,neutral,neutral
conv_06907,neutral,neutral
conv_09600,neutral,neutral
conv_00013,charm_flattery,charm_flattery
conv_07805,gaslighting,gaslighting
conv_05885,charm_flattery,charm_flattery
conv_01066,gaslighting,gaslighting
conv_09263,guilt_tripping,guilt_tripping
conv_01184,neutral,neutral
conv_06080,neutral,neutral
conv_07092,direct_coercion,direct_coercion
conv_09649,direct_coercion,direct_coercion
conv_01576,gaslighting,gaslighting
conv_01858,love_bombing,love_bombing
conv_03421,love_bombing,love_bombing
conv_06066,neutral,neutral
conv_04141,love_bombing,love_bombing
conv_04976,passive_aggressive,passive_aggressive
conv_06419,gaslighting,gaslighting
conv_07030,direct_coercion,direct_coercion
conv_03485,direct_coercion,direct_coercion
conv_03517,direct_coercion,direct_coercion
conv_04682,neutral,neutral
conv_06364,passive_aggressive,passive_aggressive
conv_06158,direct_coercion,direct_coercion
conv_00915,gaslighting,gaslighting
conv_00299,love_bombing,love_bombing
conv_05978,direct_coercion,direct_coercion
conv_00761,gaslighting,gaslighting
conv_00014,guilt_tripping,guilt_tripping
conv_03744,gaslighting,gaslighting
conv_02174,gaslighting,gaslighting
conv_00716,gaslighting,gaslighting
conv_00881,direct_coercion,direct_coercion
conv_05085,direct_coercion,direct_coercion
conv_09700,neutral,neutral
conv_06048,neutral,neutral
conv_04560,love_bombing,love_bombing
conv_07559,love_bombing,love_bombing
conv_01467,neutral,neutral
conv_01139,love_bombing,love_bombing
conv_05408,gaslighting,gaslighting
conv_08131,neutral,neutral
conv_02882,love_bombing,love_bombing
conv_00826,neutral,neutral
conv_00842,gaslighting,gaslighting
conv_07923,direct_coercion,direct_coercion
conv_06552,charm_flattery,charm_flattery
conv_00809,love_bombing,love_bombing
conv_01419,neutral,neutral
conv_02191,charm_flattery,charm_flattery
conv_08076,gaslighting,gaslighting
conv_00407,charm_flattery,charm_flattery
conv_09416,gaslighting,gaslighting
conv_02673,passive_aggressive,passive_aggressive
conv_03460,guilt_tripping,guilt_tripping
conv_00549,neutral,neutral
conv_07915,passive_aggressive,passive_aggressive
conv_00877,direct_coercion,direct_coercion
conv_07247,guilt_tripping,guilt_tripping
conv_01933,neutral,neutral
conv_08806,direct_coercion,direct_coercion
conv_04114,direct_coercion,direct_coercion
conv_01857,passive_aggressive,passive_aggressive
conv_03251,charm_flattery,charm_flattery
conv_08256,gaslighting,gaslighting
conv_00326,neutral,neutral
conv_07566,neutral,neutral
conv_06537,direct_coercion,direct_coercion
conv_08835,neutral,neutral
conv_06099,gaslighting,gaslighting
conv_04890,neutral,neutral
conv_02817,neutral,neutral
conv_07631,charm_flattery,charm_flattery
conv_01041,passive_aggressive,passive_aggressive
conv_07405,love_bombing,love_bombing
conv_05094,neutral,neutral
conv_01763,charm_flattery,charm_flattery
conv_05392,passive_aggressive,passive_aggressive
conv_08143,passive_aggressive,passive_aggressive
conv_09243,passive_aggressive,passive_aggressive
conv_02720,passive_aggressive,passive_aggressive
conv_01053,neutral,neutral
conv_05839,gaslighting,gaslighting
conv_03322,neutral,neutral
conv_03985,guilt_tripping,guilt_tripping
conv_01834,neutral,neutral
conv_07136,guilt_tripping,guilt_tripping
conv_03624,love_bombing,love_bombing
conv_07316,gaslighting,gaslighting
conv_00539,passive_aggressive,passive_aggressive
conv_01749,passive_aggressive,passive_aggressive
conv_01356,direct_coercion,direct_coercion
conv_04943,passive_aggressive,passive_aggressive
conv_03944,neutral,neutral
conv_00819,gaslighting,gaslighting
conv_03871,guilt_tripping,guilt_tripping
conv_07661,passive_aggressive,passive_aggressive
conv_06316,gaslighting,gaslighting
conv_07885,passive_aggressive,passive_aggressive
conv_07656,charm_flattery,charm_flattery
conv_05102,charm_flattery,charm_flattery
conv_05850,passive_aggressive,passive_aggressive
conv_05196,passive_aggressive,passive_aggressive
conv_06170,guilt_tripping,guilt_tripping
conv_07585,passive_aggressive,passive_aggressive
conv_07512,love_bombing,love_bombing
conv_03339,direct_coercion,direct_coercion
conv_06028,love_bombing,love_bombing
conv_08286,direct_coercion,direct_coercion
conv_06340,charm_flattery,charm_flattery
conv_08422,gaslighting,gaslighting
conv_09344,charm_flattery,charm_flattery
conv_05714,guilt_tripping,guilt_tripping
conv_08215,direct_coercion,direct_coercion
conv_02985,guilt_tripping,guilt_tripping
conv_01037,charm_flattery,charm_flattery
conv_08314,love_bombing,love_bombing
conv_04761,gaslighting,gaslighting
conv_06567,charm_flattery,charm_flattery
conv_07026,neutral,neutral
conv_05507,guilt_tripping,guilt_tripping
conv_08323,neutral,neutral
conv_05429,charm_flattery,charm_flattery
conv_07742,direct_coercion,direct_coercion
conv_05177,direct_coercion,direct_coercion
conv_09181,guilt_tripping,guilt_tripping
conv_06101,passive_aggressive,passive_aggressive
conv_06281,gaslighting,gaslighting
conv_05116,charm_flattery,charm_flattery
conv_06846,guilt_tripping,guilt_tripping
conv_02873,love_bombing,love_bombing
conv_09547,passive_aggressive,passive_aggressive
conv_04191,passive_aggressive,passive_aggressive
conv_00019,guilt_tripping,guilt_tripping
conv_04479,neutral,neutral
conv_00951,neutral,neutral
conv_06197,charm_flattery,charm_flattery
conv_07330,guilt_tripping,guilt_tripping
conv_07894,love_bombing,love_bombing
conv_02185,neutral,neutral
conv_03363,passive_aggressive,passive_aggressive
conv_04334,direct_coercion,direct_coercion
conv_04829,neutral,neutral
conv_08928,neutral,neutral
conv_07735,charm_flattery,charm_flattery
conv_07312,charm_flattery,charm_flattery
conv_00732,passive_aggressive,passive_aggressive
conv_04030,guilt_tripping,guilt_tripping
conv_07557,guilt_tripping,guilt_tripping
conv_03283,guilt_tripping,guilt_tripping
conv_08346,passive_aggressive,passive_aggressive
conv_02226,guilt_tripping,guilt_tripping
conv_07155,charm_flattery,charm_flattery
conv_09705,neutral,neutral
conv_06512,neutral,neutral
conv_07097,direct_coercion,direct_coercion
conv_05366,direct_coercion,direct_coercion
conv_00290,gaslighting,gaslighting
conv_07600,direct_coercion,direct_coercion
conv_09008,guilt_tripping,guilt_tripping
conv_02404,direct_coercion,direct_coercion
conv_08416,charm_flattery,charm_flattery
conv_01021,charm_flattery,charm_flattery
conv_08860,direct_coercion,direct_coercion
conv_05504,direct_coercion,direct_coercion
conv_08291,direct_coercion,direct_coercion
conv_04169,love_bombing,love_bombing
conv_03672,gaslighting,gaslighting
conv_04132,gaslighting,gaslighting
conv_01612,passive_aggressive,passive_aggressive
conv_08307,charm_flattery,charm_flattery
conv_02395,guilt_tripping,guilt_tripping
conv_02071,passive_aggressive,passive_aggressive
conv_09484,direct_coercion,direct_coercion
conv_09380,gaslighting,gaslighting
conv_04767,passive_aggressive,passive_aggressive
conv_05337,direct_coercion,direct_coercion
conv_06068,gaslighting,gaslighting
conv_03462,direct_coercion,direct_coercion
conv_02302,direct_coercion,direct_coercion
conv_02590,neutral,neutral
conv_03222,charm_flattery,charm_flattery
conv_04069,guilt_tripping,guilt_tripping
conv_01063,guilt_tripping,guilt_tripping
conv_02052,gaslighting,gaslighting
conv_08316,charm_flattery,charm_flattery
conv_00185,guilt_tripping,guilt_tripping
conv_06803,passive_aggressive,passive_aggressive
conv_04286,gaslighting,gaslighting
conv_02640,gaslighting,gaslighting
conv_04059,direct_coercion,direct_coercion
conv_01349,gaslighting,gaslighting
conv_05980,love_bombing,love_bombing
conv_09457,gaslighting,gaslighting
conv_01556,direct_coercion,direct_coercion
conv_02076,neutral,neutral
conv_03886,charm_flattery,charm_flattery
conv_07421,gaslighting,gaslighting
conv_02326,neutral,neutral
conv_08330,gaslighting,gaslighting
conv_03639,direct_coercion,direct_coercion
conv_04301,direct_coercion,direct_coercion
conv_02251,gaslighting,gaslighting
conv_09059,direct_coercion,direct_coercion
conv_09552,guilt_tripping,guilt_tripping
conv_02582,neutral,neutral
conv_01468,love_bombing,love_bombing
conv_03370,direct_coercion,direct_coercion
conv_03124,gaslighting,gaslighting
conv_02771,passive_aggressive,passive_aggressive
conv_04609,neutral,neutral
conv_06879,love_bombing,love_bombing
conv_03786,neutral,neutral
conv_04828,gaslighting,gaslighting
conv_03900,passive_aggressive,passive_aggressive
conv_04080,gaslighting,gaslighting
conv_01385,guilt_tripping,guilt_tripping
conv_03861,gaslighting,gaslighting
conv_05405,guilt_tripping,guilt_tripping
conv_03848,guilt_tripping,guilt_tripping
conv_06693,guilt_tripping,guilt_tripping
conv_02346,love_bombing,love_bombing
conv_07904,love_bombing,love_bombing
conv_06162,gaslighting,gaslighting
conv_04439,love_bombing,love_bombing
conv_06750,love_bombing,love_bombing
conv_08959,charm_flattery,charm_flattery
conv_05442,gaslighting,gaslighting
conv_06130,passive_aggressive,passive_aggressive
conv_02946,passive_aggressive,passive_aggressive
conv_09360,neutral,neutral
conv_01589,passive_aggressive,passive_aggressive
conv_05307,gaslighting,gaslighting
conv_00280,direct_coercion,direct_coercion
conv_02388,neutral,neutral
conv_09768,guilt_tripping,guilt_tripping
conv_07341,passive_aggressive,passive_aggressive
conv_05793,gaslighting,gaslighting
conv_08293,guilt_tripping,guilt_tripping
conv_02469,neutral,neutral
conv_03750,direct_coercion,direct_coercion
conv_07939,passive_aggressive,passive_aggressive
conv_02136,gaslighting,gaslighting
conv_01653,guilt_tripping,guilt_tripping
conv_07543,neutral,neutral
conv_01336,gaslighting,gaslighting
conv_06632,gaslighting,gaslighting
conv_09913,passive_aggressive,passive_aggressive
conv_00390,gaslighting,gaslighting
conv_05140,love_bombing,love_bombing
conv_05360,gaslighting,gaslighting
conv_05289,direct_coercion,direct_coercion
conv_01019,direct_coercion,direct_coercion
conv_06837,guilt_tripping,guilt_tripping
conv_06592,guilt_tripping,guilt_tripping
conv_08986,guilt_tripping,guilt_tripping
conv_00351,passive_aggressive,passive_aggressive
conv_00302,gaslighting,gaslighting
conv_09949,passive_aggressive,passive_aggressive
conv_08567,direct_coercion,direct_coercion
conv_00167,guilt_tripping,guilt_tripping
conv_07961,love_bombing,love_bombing
conv_04077,love_bombing,love_bombing
conv_02399,love_bombing,love_bombing
conv_03999,charm_flattery,charm_flattery
conv_06408,neutral,neutral
conv_03668,charm_flattery,charm_flattery
conv_00879,love_bombing,love_bombing
conv_06430,charm_flattery,charm_flattery
conv_04626,gaslighting,gaslighting
conv_01456,gaslighting,gaslighting
conv_04710,guilt_tripping,guilt_tripping
conv_09222,love_bombing,love_bombing
conv_07761,direct_coercion,direct_coercion
conv_06411,charm_flattery,charm_flattery
conv_05479,love_bombing,love_bombing
conv_06295,gaslighting,gaslighting
conv_08862,guilt_tripping,guilt_tripping
conv_00077,direct_coercion,direct_coercion
conv_03191,love_bombing,love_bombing
conv_04463,direct_coercion,direct_coercion
conv_05403,direct_coercion,direct_coercion
conv_04124,guilt_tripping,guilt_tripping
conv_00016,passive_aggressive,passive_aggressive
conv_08435,charm_flattery,charm_flattery
conv_05043,passive_aggressive,passive_aggressive
conv_07016,love_bombing,love_bombing
conv_06377,neutral,neutral
conv_02314,love_bombing,love_bombing
conv_05939,passive_aggressive,passive_aggressive
conv_06610,charm_flattery,charm_flattery
conv_05660,love_bombing,love_bombing
conv_00073,love_bombing,love_bombing
conv_03813,guilt_tripping,guilt_tripping
conv_03891,guilt_tripping,guilt_tripping
conv_03544,gaslighting,gaslighting
conv_00166,passive_aggressive,passive_aggressive
conv_07619,direct_coercion,direct_coercion
conv_07002,love_bombing,love_bombing
conv_01663,guilt_tripping,guilt_tripping
conv_04833,love_bombing,love_bombing
conv_04010,love_bombing,love_bombing
conv_04639,passive_aggressive,passive_aggressive
conv_04090,passive_aggressive,passive_aggressive
conv_06932,guilt_tripping,guilt_tripping
conv_00186,passive_aggressive,passive_aggressive
conv_00525,love_bombing,love_bombing
conv_06429,direct_coercion,direct_coercion
conv_09478,love_bombing,love_bombing
conv_07166,neutral,neutral
conv_05490,passive_aggressive,passive_aggressive
conv_00508,guilt_tripping,guilt_tripping
conv_01391,guilt_tripping,guilt_tripping
conv_06752,gaslighting,gaslighting
conv_05776,passive_aggressive,passive_aggressive
conv_05557,passive_aggressive,passive_aggressive
conv_06678,guilt_tripping,guilt_tripping
conv_04870,passive_aggressive,passive_aggressive
conv_04218,love_bombing,love_bombing
conv_09417,neutral,neutral
conv_01791,neutral,neutral
conv_05478,guilt_tripping,guilt_tripping
conv_05943,passive_aggressive,passive_aggressive
conv_02686,direct_coercion,direct_coercion
conv_00487,love_bombing,love_bombing
conv_07307,direct_coercion,direct_coercion
conv_02803,guilt_tripping,guilt_tripping
conv_09129,direct_coercion,direct_coercion
conv_05879,guilt_tripping,guilt_tripping
conv_06484,gaslighting,gaslighting
conv_03698,passive_aggressive,passive_aggressive
conv_05256,charm_flattery,charm_flattery
conv_06059,passive_aggressive,passive_aggressive
conv_02296,charm_flattery,charm_flattery
conv_01740,neutral,neutral
conv_01146,gaslighting,gaslighting
conv_02231,charm_flattery,charm_flattery
conv_06644,direct_coercion,direct_coercion
conv_09298,guilt_tripping,guilt_tripping
conv_01994,charm_flattery,charm_flattery
conv_08573,neutral,neutral
conv_01248,direct_coercion,direct_coercion
conv_06524,gaslighting,gaslighting
conv_04600,gaslighting,gaslighting
conv_02430,charm_flattery,charm_flattery
conv_00478,gaslighting,gaslighting
conv_01786,neutral,neutral
conv_06243,love_bombing,love_bombing
conv_05127,charm_flattery,charm_flattery
conv_06025,gaslighting,gaslighting
conv_02153,gaslighting,gaslighting
conv_00602,charm_flattery,charm_flattery
conv_05311,gaslighting,gaslighting
conv_04384,guilt_tripping,guilt_tripping
conv_08846,gaslighting,gaslighting
conv_04062,charm_flattery,charm_flattery
conv_09143,neutral,neutral
conv_01726,guilt_tripping,guilt_tripping
conv_06511,guilt_tripping,guilt_tripping
conv_02703,passive_aggressive,passive_aggressive
conv_03883,gaslighting,gaslighting
conv_08892,passive_aggressive,passive_aggressive
conv_06385,charm_flattery,charm_flattery
conv_07175,charm_flattery,charm_flattery
conv_04035,passive_aggressive,passive_aggressive
conv_08467,guilt_tripping,guilt_tripping
conv_08873,charm_flattery,charm_flattery
conv_00870,passive_aggressive,passive_aggressive
conv_04521,neutral,neutral
conv_05235,charm_flattery,charm_flattery
conv_05617,passive_aggressive,passive_aggressive
conv_09294,guilt_tripping,guilt_tripping
conv_06326,charm_flattery,charm_flattery
conv_00481,direct_coercion,direct_coercion
conv_07050,direct_coercion,direct_coercion
conv_04631,passive_aggressive,passive_aggressive
conv_04692,guilt_tripping,guilt_tripping
conv_02848,gaslighting,gaslighting
conv_02400,direct_coercion,direct_coercion
conv_02680,gaslighting,gaslighting
conv_02658,guilt_tripping,guilt_tripping
conv_07243,love_bombing,love_bombing
conv_07321,neutral,neutral
conv_08985,love_bombing,love_bombing
conv_06587,direct_coercion,direct_coercion
conv_08191,love_bombing,love_bombing
conv_00127,gaslighting,gaslighting
conv_03393,charm_flattery,charm_flattery
conv_03442,guilt_tripping,guilt_tripping
conv_00172,neutral,neutral
conv_01000,gaslighting,gaslighting
conv_07645,guilt_tripping,guilt_tripping
conv_03676,love_bombing,love_bombing
conv_06721,neutral,neutral
conv_08771,passive_aggressive,passive_aggressive
conv_02345,passive_aggressive,passive_aggressive
conv_08096,gaslighting,gaslighting
conv_01839,guilt_tripping,guilt_tripping
conv_02385,guilt_tripping,guilt_tripping
conv_03700,charm_flattery,charm_flattery
conv_03853,direct_coercion,direct_coercion
conv_06544,guilt_tripping,guilt_tripping
conv_09594,guilt_tripping,guilt_tripping
conv_06696,gaslighting,gaslighting
conv_09291,direct_coercion,direct_coercion
conv_02259,direct_coercion,direct_coercion
conv_01861,guilt_tripping,guilt_tripping
conv_04418,passive_aggressive,passive_aggressive
conv_03743,direct_coercion,direct_coercion
conv_00592,charm_flattery,charm_flattery
conv_04055,neutral,neutral
conv_05771,direct_coercion,direct_coercion
conv_09028,neutral,neutral
conv_02732,charm_flattery,charm_flattery
conv_00799,guilt_tripping,guilt_tripping
conv_07573,neutral,neutral
conv_09084,love_bombing,love_bombing
conv_03482,direct_coercion,direct_coercion
conv_05288,guilt_tripping,guilt_tripping
conv_05286,gaslighting,gaslighting
conv_04385,love_bombing,love_bombing
conv_03617,love_bombing,love_bombing
conv_09726,neutral,neutral
conv_04823,charm_flattery,charm_flattery
conv_01999,passive_aggressive,passive_aggressive
conv_08958,direct_coercion,direct_coercion
conv_06239,guilt_tripping,guilt_tripping
conv_08696,passive_aggressive,passive_aggressive
conv_07451,direct_coercion,direct_coercion
conv_08211,neutral,neutral
conv_09157,neutral,neutral
conv_03793,passive_aggressive,passive_aggressive
conv_03479,love_bombing,love_bombing
conv_05010,gaslighting,gaslighting
conv_04201,neutral,neutral
conv_00078,direct_coercion,direct_coercion
conv_04684,neutral,neutral
conv_09931,guilt_tripping,guilt_tripping
conv_04862,passive_aggressive,passive_aggressive
conv_06184,direct_coercion,direct_coercion
conv_06588,guilt_tripping,guilt_tripping
conv_07272,gaslighting,gaslighting
conv_02544,direct_coercion,direct_coercion
conv_05494,charm_flattery,charm_flattery
conv_09507,guilt_tripping,guilt_tripping
conv_03748,guilt_tripping,guilt_tripping
conv_09301,neutral,neutral
conv_07061,love_bombing,love_bombing
conv_09236,direct_coercion,direct_coercion
conv_07556,guilt_tripping,guilt_tripping
conv_06608,direct_coercion,direct_coercion
conv_04716,neutral,neutral
conv_01718,gaslighting,gaslighting
conv_08406,charm_flattery,charm_flattery
conv_00136,charm_flattery,charm_flattery
conv_00040,gaslighting,gaslighting
conv_09847,passive_aggressive,passive_aggressive
conv_01466,neutral,neutral
conv_05953,passive_aggressive,passive_aggressive
conv_05866,gaslighting,gaslighting
conv_03810,love_bombing,love_bombing
conv_01897,direct_coercion,direct_coercion
conv_06985,charm_flattery,charm_flattery
conv_08168,love_bombing,love_bombing
conv_05967,gaslighting,gaslighting
conv_02526,direct_coercion,direct_coercion
conv_04699,neutral,neutral
conv_01448,love_bombing,love_bombing
conv_04554,gaslighting,gaslighting
conv_02983,love_bombing,love_bombing
conv_06086,gaslighting,gaslighting
conv_04980,guilt_tripping,guilt_tripping
conv_05742,gaslighting,gaslighting
conv_01192,gaslighting,gaslighting
conv_08236,charm_flattery,charm_flattery
conv_01626,direct_coercion,direct_coercion
conv_05480,passive_aggressive,passive_aggressive
conv_09410,love_bombing,love_bombing
conv_06825,love_bombing,love_bombing
conv_02074,neutral,neutral
conv_06796,gaslighting,gaslighting
conv_01115,guilt_tripping,guilt_tripping
conv_09093,neutral,neutral
conv_04769,neutral,neutral
conv_07538,love_bombing,love_bombing
conv_01688,neutral,neutral
conv_00382,neutral,neutral
conv_02354,neutral,neutral
conv_09171,love_bombing,love_bombing
conv_08098,passive_aggressive,passive_aggressive
conv_03569,direct_coercion,direct_coercion
conv_03850,gaslighting,gaslighting
conv_02745,passive_aggressive,passive_aggressive
conv_00743,direct_coercion,direct_coercion
conv_07310,charm_flattery,charm_flattery
conv_04417,gaslighting,gaslighting
conv_00146,guilt_tripping,guilt_tripping
conv_03235,guilt_tripping,guilt_tripping
conv_08411,charm_flattery,charm_flattery
conv_00706,direct_coercion,direct_coercion
conv_05882,charm_flattery,charm_flattery
conv_09625,neutral,neutral
conv_08052,love_bombing,love_bombing
conv_05142,direct_coercion,direct_coercion
conv_08520,love_bombing,love_bombing
conv_09545,passive_aggressive,passive_aggressive
conv_04936,direct_coercion,direct_coercion
conv_08496,passive_aggressive,passive_aggressive
conv_03115,charm_flattery,charm_flattery
conv_09967,love_bombing,love_bombing
conv_00375,direct_coercion,direct_coercion
conv_09891,love_bombing,love_bombing
conv_08033,love_bombing,love_bombing
conv_00150,guilt_tripping,guilt_tripping
conv_09602,charm_flattery,charm_flattery
conv_00801,guilt_tripping,guilt_tripping
conv_00283,gaslighting,gaslighting
conv_07482,passive_aggressive,passive_aggressive
conv_02995,passive_aggressive,passive_aggressive
conv_09582,gaslighting,gaslighting
conv_08701,gaslighting,gaslighting
conv_00422,guilt_tripping,guilt_tripping
conv_04056,neutral,neutral
conv_08839,guilt_tripping,guilt_tripping
conv_08283,love_bombing,love_bombing
conv_06594,gaslighting,gaslighting
conv_04291,neutral,neutral
conv_03230,guilt_tripping,guilt_tripping
conv_09497,neutral,neutral
conv_00450,neutral,neutral
conv_07490,gaslighting,gaslighting
conv_03989,guilt_tripping,guilt_tripping
conv_04085,direct_coercion,direct_coercion
conv_07416,neutral,neutral
conv_01074,charm_flattery,charm_flattery
conv_08546,love_bombing,love_bombing
conv_04332,charm_flattery,charm_flattery
conv_03546,direct_coercion,direct_coercion
conv_04246,gaslighting,gaslighting
conv_06983,neutral,neutral
conv_04336,love_bombing,love_bombing
conv_06150,direct_coercion,direct_coercion
conv_00405,passive_aggressive,passive_aggressive
conv_04746,guilt_tripping,guilt_tripping
conv_07134,love_bombing,love_bombing
conv_02536,love_bombing,love_bombing
conv_07836,passive_aggressive,passive_aggressive
conv_09155,neutral,neutral
conv_03094,love_bombing,love_bombing
conv_09238,passive_aggressive,passive_aggressive
conv_04434,charm_flattery,charm_flattery
conv_02137,passive_aggressive,passive_aggressive
conv_09251,passive_aggressive,passive_aggressive
conv_03859,love_bombing,love_bombing
conv_01232,neutral,neutral
conv_07361,charm_flattery,charm_flattery
conv_06687,direct_coercion,direct_coercion
conv_02479,direct_coercion,direct_coercion
conv_08954,neutral,neutral
conv_08292,passive_aggressive,passive_aggressive
conv_08906,charm_flattery,charm_flattery
conv_02605,gaslighting,gaslighting
conv_09575,gaslighting,gaslighting
conv_03591,love_bombing,love_bombing
conv_07474,neutral,neutral
conv_00977,love_bombing,love_bombing
conv_03862,gaslighting,gaslighting
conv_09560,neutral,neutral
conv_00083,passive_aggressive,passive_aggressive
conv_01928,neutral,neutral
conv_03051,gaslighting,gaslighting
conv_03868,neutral,neutral
conv_00674,direct_coercion,direct_coercion
conv_02932,guilt_tripping,guilt_tripping
conv_05488,charm_flattery,charm_flattery
conv_05804,passive_aggressive,passive_aggressive
conv_02442,charm_flattery,charm_flattery
conv_00330,charm_flattery,charm_flattery
conv_08448,love_bombing,love_bombing
conv_00888,direct_coercion,direct_coercion
conv_05258,guilt_tripping,guilt_tripping
conv_03221,charm_flattery,charm_flattery
conv_03489,direct_coercion,direct_coercion
conv_04380,neutral,neutral
conv_00550,charm_flattery,charm_flattery
conv_08902,love_bombing,love_bombing
conv_07431,charm_flattery,charm_flattery
conv_04269,neutral,neutral
conv_01910,charm_flattery,charm_flattery
conv_00726,direct_coercion,direct_coercion
conv_08855,charm_flattery,charm_flattery
conv_01586,charm_flattery,charm_flattery
conv_09817,neutral,neutral
conv_02816,direct_coercion,direct_coercion
conv_04450,neutral,neutral
conv_06236,guilt_tripping,guilt_tripping
conv_07827,direct_coercion,direct_coercion
conv_02587,direct_coercion,direct_coercion
conv_07198,passive_aggressive,passive_aggressive
conv_07269,charm_flattery,charm_flattery
conv_00416,neutral,neutral
conv_05722,charm_flattery,charm_flattery
conv_05876,guilt_tripping,guilt_tripping
conv_04665,neutral,neutral
conv_03196,gaslighting,gaslighting
conv_06247,guilt_tripping,guilt_tripping
conv_04287,neutral,neutral
conv_00650,gaslighting,gaslighting
conv_00090,passive_aggressive,passive_aggressive
conv_01558,gaslighting,gaslighting
conv_05848,charm_flattery,charm_flattery
conv_05285,gaslighting,gaslighting
conv_07446,passive_aggressive,passive_aggressive
conv_00062,love_bombing,love_bombing
conv_06465,charm_flattery,charm_flattery
conv_07960,guilt_tripping,guilt_tripping
conv_00902,guilt_tripping,guilt_tripping
conv_04523,direct_coercion,direct_coercion
conv_05075,direct_coercion,direct_coercion
conv_04021,charm_flattery,charm_flattery
conv_06226,love_bombing,love_bombing
conv_02936,neutral,neutral
conv_01382,guilt_tripping,guilt_tripping
conv_09458,direct_coercion,direct_coercion
conv_01412,gaslighting,gaslighting
conv_09756,neutral,neutral
conv_09364,love_bombing,love_bombing
conv_05914,passive_aggressive,passive_aggressive
conv_05893,love_bombing,love_bombing
conv_07281,passive_aggressive,passive_aggressive
conv_09884,love_bombing,love_bombing
conv_01979,guilt_tripping,guilt_tripping
conv_01613,love_bombing,love_bombing
conv_07962,direct_coercion,direct_coercion
conv_02967,neutral,neutral
conv_00816,neutral,neutral
conv_04497,charm_flattery,charm_flattery
conv_03563,neutral,neutral
conv_05105,guilt_tripping,guilt_tripping
conv_01724,charm_flattery,charm_flattery
conv_02200,passive_aggressive,passive_aggressive
conv_01676,guilt_tripping,guilt_tripping
conv_02099,gaslighting,gaslighting
conv_07901,direct_coercion,direct_coercion
conv_06209,love_bombing,love_bombing
conv_01620,love_bombing,love_bombing
conv_08898,charm_flattery,charm_flattery
conv_03713,love_bombing,love_bombing
conv_00162,gaslighting,gaslighting
conv_08266,charm_flattery,charm_flattery
conv_00711,guilt_tripping,guilt_tripping
conv_08989,guilt_tripping,guilt_tripping
conv_04796,direct_coercion,direct_coercion
conv_01026,guilt_tripping,guilt_tripping
conv_09546,love_bombing,love_bombing
conv_03754,passive_aggressive,passive_aggressive
conv_05015,charm_flattery,charm_flattery
conv_04212,gaslighting,gaslighting
conv_00556,neutral,neutral
conv_03241,love_bombing,love_bombing
conv_01472,love_bombing,love_bombing
conv_04448,love_bombing,love_bombing
conv_05246,guilt_tripping,guilt_tripping
conv_09793,direct_coercion,direct_coercion
conv_03263,love_bombing,love_bombing
conv_02241,love_bombing,love_bombing
conv_08591,neutral,neutral
conv_01025,guilt_tripping,guilt_tripping
conv_07839,direct_coercion,direct_coercion
conv_00601,love_bombing,love_bombing
conv_01102,gaslighting,gaslighting
conv_02335,neutral,neutral
conv_09104,passive_aggressive,passive_aggressive
conv_02553,gaslighting,gaslighting
conv_03724,neutral,neutral
conv_05870,love_bombing,love_bombing
conv_08349,neutral,neutral
conv_08163,love_bombing,love_bombing
conv_09403,direct_coercion,direct_coercion
conv_08312,charm_flattery,charm_flattery
conv_00751,love_bombing,love_bombing
conv_00260,direct_coercion,direct_coercion
conv_02009,neutral,neutral
conv_05249,direct_coercion,direct_coercion
conv_02867,neutral,neutral
conv_04966,neutral,neutral
conv_04284,love_bombing,love_bombing
conv_07874,passive_aggressive,passive_aggressive
conv_03444,love_bombing,love_bombing
conv_07792,direct_coercion,direct_coercion
conv_01176,passive_aggressive,passive_aggressive
conv_09831,love_bombing,love_bombing
conv_06740,neutral,neutral
conv_03070,neutral,neutral
conv_08823,guilt_tripping,guilt_tripping
conv_02785,direct_coercion,direct_coercion
conv_01478,direct_coercion,direct_coercion
conv_04759,guilt_tripping,guilt_tripping
conv_07799,love_bombing,love_bombing
conv_04977,direct_coercion,direct_coercion
conv_00772,love_bombing,love_bombing
conv_04932,passive_aggressive,passive_aggressive
conv_08538,gaslighting,gaslighting
conv_02154,gaslighting,gaslighting
conv_06440,love_bombing,love_bombing
conv_05649,guilt_tripping,guilt_tripping
conv_04436,gaslighting,gaslighting
conv_06354,neutral,neutral
conv_07913,guilt_tripping,guilt_tripping
conv_04175,charm_flattery,charm_flattery
conv_08479,neutral,neutral
conv_00786,charm_flattery,charm_flattery
conv_07865,neutral,neutral
conv_01064,direct_coercion,direct_coercion
conv_08757,gaslighting,gaslighting
conv_08800,gaslighting,gaslighting
conv_05272,charm_flattery,charm_flattery
conv_06731,charm_flattery,charm_flattery
conv_03572,guilt_tripping,guilt_tripping
conv_08192,neutral,neutral
conv_05468,love_bombing,love_bombing
conv_00945,charm_flattery,charm_flattery
conv_09494,direct_coercion,direct_coercion
conv_06073,love_bombing,love_bombing
conv_04347,guilt_tripping,guilt_tripping
conv_04654,neutral,neutral
conv_09633,gaslighting,gaslighting
conv_08937,gaslighting,gaslighting
conv_05559,passive_aggressive,passive_aggressive
conv_00802,guilt_tripping,guilt_tripping
conv_05166,passive_aggressive,passive_aggressive
conv_06789,direct_coercion,direct_coercion
conv_01319,charm_flattery,charm_flattery
conv_05971,love_bombing,love_bombing
conv_00906,gaslighting,gaslighting
conv_04364,direct_coercion,direct_coercion
conv_05329,neutral,neutral
conv_03350,passive_aggressive,passive_aggressive
conv_02121,passive_aggressive,passive_aggressive
conv_00315,neutral,neutral
conv_08358,passive_aggressive,passive_aggressive
conv_05118,charm_flattery,charm_flattery
conv_06913,neutral,neutral
conv_02973,charm_flattery,charm_flattery
conv_06222,charm_flattery,charm_flattery
conv_00349,passive_aggressive,passive_aggressive
conv_05746,passive_aggressive,passive_aggressive
conv_05818,neutral,neutral
conv_08606,direct_coercion,direct_coercion
conv_00229,neutral,neutral
conv_03820,charm_flattery,charm_flattery
conv_00719,direct_coercion,direct_coercion
conv_01337,charm_flattery,charm_flattery
conv_02358,charm_flattery,charm_flattery
conv_09418,direct_coercion,direct_coercion
conv_03344,neutral,neutral
conv_05708,gaslighting,gaslighting
conv_09897,neutral,neutral
conv_07378,neutral,neutral
conv_09432,gaslighting,gaslighting
conv_01827,gaslighting,gaslighting
conv_04172,guilt_tripping,guilt_tripping
conv_01515,neutral,neutral
conv_07670,direct_coercion,direct_coercion
conv_03967,direct_coercion,direct_coercion
conv_07750,gaslighting,gaslighting
conv_02282,direct_coercion,direct_coercion
conv_09712,gaslighting,gaslighting
conv_08536,charm_flattery,charm_flattery
conv_09389,charm_flattery,charm_flattery
conv_05709,charm_flattery,charm_flattery
conv_08054,love_bombing,love_bombing
conv_06642,passive_aggressive,passive_aggressive
conv_07564,neutral,neutral
conv_07197,neutral,neutral
conv_07107,direct_coercion,direct_coercion
conv_05426,neutral,neutral
conv_08112,love_bombing,love_bombing
conv_06320,direct_coercion,direct_coercion
conv_04650,gaslighting,gaslighting
conv_06323,gaslighting,gaslighting
conv_06716,direct_coercion,direct_coercion
conv_05534,love_bombing,love_bombing
conv_06089,neutral,neutral
conv_09856,neutral,neutral
conv_00089,gaslighting,gaslighting
conv_06471,charm_flattery,charm_flattery
conv_08711,guilt_tripping,guilt_tripping
conv_06835,gaslighting,gaslighting
conv_04267,guilt_tripping,guilt_tripping
conv_05034,direct_coercion,direct_coercion
conv_07142,charm_flattery,charm_flattery
conv_05718,direct_coercion,direct_coercion
conv_08385,love_bombing,love_bombing
conv_01090,guilt_tripping,guilt_tripping
conv_07370,love_bombing,love_bombing
conv_02657,love_bombing,love_bombing
conv_08720,gaslighting,gaslighting
conv_04243,guilt_tripping,guilt_tripping
conv_04325,passive_aggressive,passive_aggressive
conv_01185,neutral,neutral
conv_07681,charm_flattery,charm_flattery
conv_05808,gaslighting,gaslighting
conv_04605,love_bombing,love_bombing
conv_07060,guilt_tripping,guilt_tripping
conv_02033,guilt_tripping,guilt_tripping
conv_02513,charm_flattery,charm_flattery
conv_09122,passive_aggressive,passive_aggressive
conv_07261,gaslighting,gaslighting
conv_07089,gaslighting,gaslighting
conv_07613,gaslighting,gaslighting
conv_03930,charm_flattery,charm_flattery
conv_01939,gaslighting,gaslighting
conv_03021,love_bombing,love_bombing
conv_07921,charm_flattery,charm_flattery
conv_01954,gaslighting,gaslighting
conv_05014,neutral,neutral
conv_04552,neutral,neutral
conv_07014,neutral,neutral
conv_09870,passive_aggressive,passive_aggressive
conv_09784,charm_flattery,charm_flattery
conv_04550,direct_coercion,direct_coercion
conv_08861,direct_coercion,direct_coercion
conv_05874,direct_coercion,direct_coercion
conv_04748,direct_coercion,direct_coercion
conv_09609,guilt_tripping,guilt_tripping
conv_06022,guilt_tripping,guilt_tripping
conv_08014,charm_flattery,charm_flattery
conv_02246,charm_flattery,charm_flattery
conv_01911,love_bombing,love_bombing
conv_05577,passive_aggressive,passive_aggressive
conv_00106,charm_flattery,charm_flattery
conv_01832,neutral,neutral
conv_02984,gaslighting,gaslighting
conv_01010,charm_flattery,charm_flattery
conv_05628,love_bombing,love_bombing
conv_08697,gaslighting,gaslighting
conv_05695,charm_flattery,charm_flattery
conv_07366,guilt_tripping,guilt_tripping
conv_00633,guilt_tripping,guilt_tripping
conv_04271,gaslighting,gaslighting
conv_05159,gaslighting,gaslighting
conv_03072,neutral,neutral
conv_09616,guilt_tripping,guilt_tripping
conv_07660,direct_coercion,direct_coercion
conv_05052,direct_coercion,direct_coercion
conv_02897,passive_aggressive,passive_aggressive
conv_03320,passive_aggressive,passive_aggressive
conv_02324,guilt_tripping,guilt_tripping
conv_07648,guilt_tripping,guilt_tripping
conv_02508,gaslighting,gaslighting
conv_02264,charm_flattery,charm_flattery
conv_02476,gaslighting,gaslighting
conv_02338,neutral,neutral
conv_09473,direct_coercion,direct_coercion
conv_08628,passive_aggressive,passive_aggressive
conv_07322,neutral,neutral
conv_02777,gaslighting,gaslighting
conv_04599,neutral,neutral
conv_03842,direct_coercion,direct_coercion
conv_06204,charm_flattery,charm_flattery
conv_05004,passive_aggressive,passive_aggressive
conv_07532,passive_aggressive,passive_aggressive
conv_03847,guilt_tripping,guilt_tripping
conv_01981,gaslighting,gaslighting
conv_09645,neutral,neutral
conv_07298,gaslighting,gaslighting
conv_07338,love_bombing,love_bombing
conv_02247,charm_flattery,charm_flattery
conv_06135,neutral,neutral
conv_09145,neutral,neutral
conv_08018,charm_flattery,charm_flattery
conv_04652,charm_flattery,charm_flattery
conv_08795,love_bombing,love_bombing
conv_01089,love_bombing,love_bombing
conv_03867,love_bombing,love_bombing
conv_02572,gaslighting,gaslighting
conv_01420,charm_flattery,charm_flattery
conv_04264,direct_coercion,direct_coercion
conv_01312,love_bombing,love_bombing
conv_06105,passive_aggressive,passive_aggressive
conv_00844,direct_coercion,direct_coercion
conv_03315,love_bombing,love_bombing
conv_02265,passive_aggressive,passive_aggressive
conv_07285,guilt_tripping,guilt_tripping
conv_06630,gaslighting,gaslighting
conv_05419,direct_coercion,direct_coercion
conv_02888,direct_coercion,direct_coercion
conv_01482,charm_flattery,charm_flattery
conv_05810,guilt_tripping,guilt_tripping
conv_01788,direct_coercion,direct_coercion
conv_03483,gaslighting,gaslighting
conv_09745,guilt_tripping,guilt_tripping
conv_09382,charm_flattery,charm_flattery
conv_08916,neutral,neutral
conv_06791,love_bombing,love_bombing
conv_07018,neutral,neutral
conv_03761,neutral,neutral
conv_02731,neutral,neutral
conv_05669,charm_flattery,charm_flattery
conv_00833,passive_aggressive,passive_aggressive
conv_01215,passive_aggressive,passive_aggressive
conv_09624,love_bombing,love_bombing
conv_01812,direct_coercion,direct_coercion
conv_02514,direct_coercion,direct_coercion
conv_01641,guilt_tripping,guilt_tripping
conv_04245,guilt_tripping,guilt_tripping
conv_03467,guilt_tripping,guilt_tripping
conv_03105,love_bombing,love_bombing
conv_08678,guilt_tripping,guilt_tripping
conv_01221,neutral,neutral
conv_08736,guilt_tripping,guilt_tripping
conv_05944,guilt_tripping,guilt_tripping
conv_00565,passive_aggressive,passive_aggressive
conv_07360,direct_coercion,direct_coercion
conv_06949,charm_flattery,charm_flattery
conv_09257,love_bombing,love_bombing
conv_05903,passive_aggressive,passive_aggressive
conv_05781,guilt_tripping,guilt_tripping
conv_05273,love_bombing,love_bombing
conv_03008,passive_aggressive,passive_aggressive
conv_02641,charm_flattery,charm_flattery
conv_08723,passive_aggressive,passive_aggressive
conv_09221,neutral,neutral
conv_03693,direct_coercion,direct_coercion
conv_06166,love_bombing,love_bombing
conv_06553,neutral,neutral
conv_06541,guilt_tripping,guilt_tripping
conv_01964,passive_aggressive,passive_aggressive
conv_09208,direct_coercion,direct_coercion
conv_07072,neutral,neutral
conv_03060,guilt_tripping,guilt_tripping
conv_07117,charm_flattery,charm_flattery
conv_01209,charm_flattery,charm_flattery
conv_03478,gaslighting,gaslighting
conv_01765,gaslighting,gaslighting
conv_00652,guilt_tripping,guilt_tripping
conv_04421,love_bombing,love_bombing
conv_03384,charm_flattery,charm_flattery
conv_07972,gaslighting,gaslighting
conv_02807,passive_aggressive,passive_aggressive
conv_03019,gaslighting,gaslighting
conv_00258,neutral,neutral
conv_00147,charm_flattery,charm_flattery
conv_08774,direct_coercion,direct_coercion
conv_04807,love_bombing,love_bombing
conv_01759,neutral,neutral
conv_09524,direct_coercion,direct_coercion
conv_06995,neutral,neutral
conv_02361,love_bombing,love_bombing
conv_01906,direct_coercion,direct_coercion
conv_04443,direct_coercion,direct_coercion
conv_06421,gaslighting,gaslighting
conv_00439,neutral,neutral
conv_03541,gaslighting,gaslighting
conv_05019,passive_aggressive,passive_aggressive
conv_04869,gaslighting,gaslighting
conv_08300,guilt_tripping,guilt_tripping
conv_04879,gaslighting,gaslighting
conv_07846,neutral,neutral
conv_09730,passive_aggressive,passive_aggressive
conv_09446,charm_flattery,charm_flattery
conv_08372,guilt_tripping,guilt_tripping
conv_01493,charm_flattery,charm_flattery
conv_08715,love_bombing,love_bombing
conv_09098,love_bombing,love_bombing
conv_03446,charm_flattery,charm_flattery
conv_03845,love_bombing,love_bombing
conv_02297,love_bombing,love_bombing
conv_06164,passive_aggressive,passive_aggressive
conv_07468,guilt_tripping,guilt_tripping
conv_02895,direct_coercion,direct_coercion
conv_01372,love_bombing,love_bombing
conv_02550,direct_coercion,direct_coercion
conv_02057,passive_aggressive,passive_aggressive
conv_09889,direct_coercion,direct_coercion
conv_09928,guilt_tripping,guilt_tripping
conv_07617,guilt_tripping,guilt_tripping
conv_06812,direct_coercion,direct_coercion
conv_06962,gaslighting,gaslighting
conv_06815,charm_flattery,charm_flattery
conv_05731,neutral,neutral
conv_05844,gaslighting,gaslighting
conv_03028,direct_coercion,direct_coercion
conv_04244,love_bombing,love_bombing
conv_08942,guilt_tripping,guilt_tripping
conv_05443,neutral,neutral
conv_03835,neutral,neutral
conv_06129,gaslighting,gaslighting
conv_03604,passive_aggressive,passive_aggressive
conv_04470,guilt_tripping,guilt_tripping
conv_06219,gaslighting,gaslighting
conv_05438,neutral,neutral
conv_00522,passive_aggressive,passive_aggressive
conv_00246,gaslighting,gaslighting
conv_08781,neutral,neutral
conv_00072,neutral,neutral
conv_02012,charm_flattery,charm_flattery
conv_04563,charm_flattery,charm_flattery
conv_02767,charm_flattery,charm_flattery
conv_02285,passive_aggressive,passive_aggressive
conv_08287,neutral,neutral
conv_08327,charm_flattery,charm_flattery
conv_08748,neutral,neutral
conv_05453,direct_coercion,direct_coercion
conv_08941,guilt_tripping,guilt_tripping
conv_03669,charm_flattery,charm_flattery
conv_04740,neutral,neutral
conv_06053,charm_flattery,charm_flattery
conv_07438,direct_coercion,direct_coercion
conv_04857,neutral,neutral
conv_07691,guilt_tripping,guilt_tripping
conv_02542,guilt_tripping,guilt_tripping
conv_05586,passive_aggressive,passive_aggressive
conv_08230,love_bombing,love_bombing
conv_09577,neutral,neutral
conv_07481,guilt_tripping,guilt_tripping
conv_08432,guilt_tripping,guilt_tripping
conv_03212,guilt_tripping,guilt_tripping
conv_02924,passive_aggressive,passive_aggressive
conv_04261,direct_coercion,direct_coercion
conv_02446,guilt_tripping,guilt_tripping
conv_07476,passive_aggressive,passive_aggressive
conv_05020,love_bombing,love_bombing
conv_06806,passive_aggressive,passive_aggressive
conv_05437,neutral,neutral
conv_09968,passive_aggressive,passive_aggressive
conv_07548,gaslighting,gaslighting
conv_08498,guilt_tripping,guilt_tripping
conv_07847,passive_aggressive,passive_aggressive
conv_09089,love_bombing,love_bombing
conv_07700,gaslighting,gaslighting
conv_03429,guilt_tripping,guilt_tripping
conv_03410,gaslighting,gaslighting
conv_09409,neutral,neutral
conv_08560,charm_flattery,charm_flattery
conv_00448,direct_coercion,direct_coercion
conv_01135,charm_flattery,charm_flattery
conv_09223,love_bombing,love_bombing
conv_01546,gaslighting,gaslighting
conv_09708,love_bombing,love_bombing
conv_03066,direct_coercion,direct_coercion
conv_08569,charm_flattery,charm_flattery
conv_09766,neutral,neutral
conv_06237,neutral,neutral
conv_06710,direct_coercion,direct_coercion
conv_04505,neutral,neutral
conv_08640,direct_coercion,direct_coercion
conv_00123,neutral,neutral
conv_08598,neutral,neutral
conv_04370,love_bombing,love_bombing
conv_05738,direct_coercion,direct_coercion
conv_02060,direct_coercion,direct_coercion
conv_01727,passive_aggressive,passive_aggressive
conv_06199,passive_aggressive,passive_aggressive
conv_03540,direct_coercion,direct_coercion
conv_09673,charm_flattery,charm_flattery
conv_00568,passive_aggressive,passive_aggressive
conv_04319,gaslighting,gaslighting
conv_01120,neutral,neutral
conv_05813,passive_aggressive,passive_aggressive
conv_05146,gaslighting,gaslighting
conv_01104,direct_coercion,direct_coercion
conv_09487,guilt_tripping,guilt_tripping
conv_05604,guilt_tripping,guilt_tripping
conv_03295,charm_flattery,charm_flattery
conv_02567,passive_aggressive,passive_aggressive
conv_01411,guilt_tripping,guilt_tripping
conv_05517,guilt_tripping,guilt_tripping
conv_07232,gaslighting,gaslighting
conv_00762,charm_flattery,charm_flattery
conv_06200,love_bombing,love_bombing
conv_02347,love_bombing,love_bombing
conv_00872,guilt_tripping,guilt_tripping
conv_04467,love_bombing,love_bombing
conv_09451,neutral,neutral
conv_00710,gaslighting,gaslighting
conv_08179,neutral,neutral
conv_02031,gaslighting,gaslighting
conv_01376,love_bombing,love_bombing
conv_06161,gaslighting,gaslighting
conv_06092,neutral,neutral
conv_08380,guilt_tripping,guilt_tripping
conv_07442,neutral,neutral
conv_03453,love_bombing,love_bombing
conv_02004,guilt_tripping,guilt_tripping
conv_05292,direct_coercion,direct_coercion
conv_04669,love_bombing,love_bombing
conv_05568,neutral,neutral
conv_05659,gaslighting,gaslighting
conv_09873,gaslighting,gaslighting
conv_04099,love_bombing,love_bombing
conv_00771,passive_aggressive,passive_aggressive
conv_01050,passive_aggressive,passive_aggressive
conv_05465,guilt_tripping,guilt_tripping
conv_05703,charm_flattery,charm_flattery
conv_09643,gaslighting,gaslighting
conv_03588,passive_aggressive,passive_aggressive
conv_09534,charm_flattery,charm_flattery
conv_05339,guilt_tripping,guilt_tripping
conv_08979,love_bombing,love_bombing
conv_06974,direct_coercion,direct_coercion
conv_05580,gaslighting,gaslighting
conv_00696,neutral,neutral
conv_01315,neutral,neutral
conv_07716,neutral,neutral
conv_04352,gaslighting,gaslighting
conv_08799,gaslighting,gaslighting
conv_01579,guilt_tripping,guilt_tripping
conv_03523,guilt_tripping,guilt_tripping
conv_01800,gaslighting,gaslighting
conv_04781,gaslighting,gaslighting
conv_07403,neutral,neutral
conv_00775,gaslighting,gaslighting
conv_09060,passive_aggressive,passive_aggressive
conv_06008,guilt_tripping,guilt_tripping
conv_00942,gaslighting,gaslighting
conv_09846,direct_coercion,direct_coercion
conv_00191,direct_coercion,direct_coercion
conv_03653,neutral,neutral
conv_08248,guilt_tripping,guilt_tripping
conv_04054,love_bombing,love_bombing
conv_09045,charm_flattery,charm_flattery
conv_04393,love_bombing,love_bombing
conv_02566,direct_coercion,direct_coercion
conv_06496,direct_coercion,direct_coercion
conv_02560,direct_coercion,direct_coercion
conv_09114,direct_coercion,direct_coercion
conv_07408,love_bombing,love_bombing
conv_07644,guilt_tripping,guilt_tripping
conv_08444,love_bombing,love_bombing
conv_04950,neutral,neutral
conv_08667,love_bombing,love_bombing
conv_07788,direct_coercion,direct_coercion
conv_08454,guilt_tripping,guilt_tripping
conv_04860,passive_aggressive,passive_aggressive
conv_08462,gaslighting,gaslighting
conv_09397,neutral,neutral
conv_00756,gaslighting,gaslighting
conv_09993,love_bombing,love_bombing
conv_06260,love_bombing,love_bombing
conv_02418,guilt_tripping,guilt_tripping
conv_02853,love_bombing,love_bombing
conv_02527,passive_aggressive,passive_aggressive
conv_07695,guilt_tripping,guilt_tripping
conv_01425,direct_coercion,direct_coercion
conv_04268,charm_flattery,charm_flattery
conv_04259,passive_aggressive,passive_aggressive
conv_08709,charm_flattery,charm_flattery
conv_08632,neutral,neutral
conv_04357,love_bombing,love_bombing
conv_01559,neutral,neutral
conv_09607,guilt_tripping,guilt_tripping
conv_05573,passive_aggressive,passive_aggressive
conv_02606,charm_flattery,charm_flattery
conv_00470,direct_coercion,direct_coercion
conv_00235,charm_flattery,charm_flattery
conv_07739,love_bombing,love_bombing
conv_01672,neutral,neutral
conv_09073,love_bombing,love_bombing
conv_09669,neutral,neutral
conv_04134,charm_flattery,charm_flattery
conv_04222,passive_aggressive,passive_aggressive
conv_07629,neutral,neutral
conv_02073,direct_coercion,direct_coercion
conv_09934,love_bombing,love_bombing
conv_08139,love_bombing,love_bombing
conv_09568,love_bombing,love_bombing
conv_05156,love_bombing,love_bombing
conv_08433,neutral,neutral
conv_06744,guilt_tripping,guilt_tripping
conv_09922,passive_aggressive,passive_aggressive
conv_07866,guilt_tripping,guilt_tripping
conv_03473,guilt_tripping,guilt_tripping
conv_09666,gaslighting,gaslighting
conv_07233,neutral,neutral
conv_01828,gaslighting,gaslighting
conv_00058,gaslighting,gaslighting
conv_02481,neutral,neutral
conv_09574,love_bombing,love_bombing
conv_05842,guilt_tripping,guilt_tripping
conv_04130,neutral,neutral
conv_04623,guilt_tripping,guilt_tripping
conv_01307,guilt_tripping,guilt_tripping
conv_06639,gaslighting,gaslighting
conv_07940,love_bombing,love_bombing
conv_06799,passive_aggressive,passive_aggressive
conv_07300,gaslighting,gaslighting
conv_00599,passive_aggressive,passive_aggressive
conv_06397,direct_coercion,direct_coercion
conv_00377,passive_aggressive,passive_aggressive
conv_00670,guilt_tripping,guilt_tripping
conv_02756,direct_coercion,direct_coercion
conv_04708,guilt_tripping,guilt_tripping
conv_09565,passive_aggressive,passive_aggressive
conv_05614,gaslighting,gaslighting
conv_04189,gaslighting,gaslighting
conv_05181,gaslighting,gaslighting
conv_08034,neutral,neutral
conv_03747,neutral,neutral
conv_08558,neutral,neutral
conv_00851,love_bombing,love_bombing
conv_02228,charm_flattery,charm_flattery
conv_06115,neutral,neutral
conv_03739,charm_flattery,charm_flattery
conv_09714,gaslighting,gaslighting
conv_03665,love_bombing,love_bombing
conv_07756,direct_coercion,direct_coercion
conv_03045,passive_aggressive,passive_aggressive
conv_04106,passive_aggressive,passive_aggressive
conv_03208,guilt_tripping,guilt_tripping
conv_05993,charm_flattery,charm_flattery
conv_01204,guilt_tripping,guilt_tripping
conv_02719,guilt_tripping,guilt_tripping
conv_00934,neutral,neutral
conv_08354,neutral,neutral
conv_01956,love_bombing,love_bombing
conv_00052,guilt_tripping,guilt_tripping
conv_02415,guilt_tripping,guilt_tripping
conv_01054,passive_aggressive,passive_aggressive
conv_08613,guilt_tripping,guilt_tripping
conv_01144,passive_aggressive,passive_aggressive
conv_06717,passive_aggressive,passive_aggressive
conv_03926,charm_flattery,charm_flattery
conv_01762,passive_aggressive,passive_aggressive
conv_02000,love_bombing,love_bombing
conv_03906,charm_flattery,charm_flattery
conv_06607,guilt_tripping,guilt_tripping
conv_04910,gaslighting,gaslighting
conv_07430,love_bombing,love_bombing
conv_00933,charm_flattery,charm_flattery
conv_09366,guilt_tripping,guilt_tripping
conv_09948,charm_flattery,charm_flattery
conv_04503,guilt_tripping,guilt_tripping
conv_08602,love_bombing,love_bombing
conv_05644,guilt_tripping,guilt_tripping
conv_03764,love_bombing,love_bombing
conv_06352,direct_coercion,direct_coercion
conv_09941,gaslighting,gaslighting
conv_07903,neutral,neutral
conv_01339,passive_aggressive,passive_aggressive
conv_01656,charm_flattery,charm_flattery
conv_06082,guilt_tripping,guilt_tripping
conv_00314,passive_aggressive,passive_aggressive
conv_06784,passive_aggressive,passive_aggressive
conv_01016,guilt_tripping,guilt_tripping
conv_02351,passive_aggressive,passive_aggressive
conv_06382,neutral,neutral
conv_06831,guilt_tripping,guilt_tripping
conv_00248,direct_coercion,direct_coercion
conv_02061,passive_aggressive,passive_aggressive
conv_09642,gaslighting,gaslighting
conv_07823,direct_coercion,direct_coercion
conv_08193,love_bombing,love_bombing
conv_05117,passive_aggressive,passive_aggressive
conv_08189,love_bombing,love_bombing
conv_06625,charm_flattery,charm_flattery
conv_05681,passive_aggressive,passive_aggressive
conv_05376,gaslighting,gaslighting
conv_08827,gaslighting,gaslighting
conv_03146,guilt_tripping,guilt_tripping
conv_06663,gaslighting,gaslighting
conv_01845,neutral,neutral
conv_02874,charm_flattery,charm_flattery
conv_09833,neutral,neutral
conv_03133,direct_coercion,direct_coercion
conv_09991,love_bombing,love_bombing
conv_05363,passive_aggressive,passive_aggressive
conv_03111,charm_flattery,charm_flattery
conv_09408,gaslighting,gaslighting
conv_00782,passive_aggressive,passive_aggressive
conv_04813,guilt_tripping,guilt_tripping
conv_03454,gaslighting,gaslighting
conv_04320,guilt_tripping,guilt_tripping
conv_06794,guilt_tripping,guilt_tripping
conv_06577,love_bombing,love_bombing
conv_05635,direct_coercion,direct_coercion
conv_05225,guilt_tripping,guilt_tripping
conv_04583,charm_flattery,charm_flattery
conv_08885,love_bombing,love_bombing
conv_03215,passive_aggressive,passive_aggressive
conv_02783,charm_flattery,charm_flattery
conv_06926,passive_aggressive,passive_aggressive
conv_08160,guilt_tripping,guilt_tripping
conv_04956,charm_flattery,charm_flattery
conv_08038,passive_aggressive,passive_aggressive
conv_07267,neutral,neutral
conv_08276,guilt_tripping,guilt_tripping
conv_01575,neutral,neutral
conv_01899,love_bombing,love_bombing
conv_01431,gaslighting,gaslighting
conv_04435,passive_aggressive,passive_aggressive
conv_02955,love_bombing,love_bombing
conv_07643,neutral,neutral
conv_09855,guilt_tripping,guilt_tripping
conv_00346,gaslighting,gaslighting
conv_02802,charm_flattery,charm_flattery
conv_02584,guilt_tripping,guilt_tripping
conv_00048,guilt_tripping,guilt_tripping
conv_03959,gaslighting,gaslighting
conv_09535,charm_flattery,charm_flattery
conv_07433,passive_aggressive,passive_aggressive
conv_02933,love_bombing,love_bombing
conv_06968,neutral,neutral
conv_08153,guilt_tripping,guilt_tripping
conv_00063,passive_aggressive,passive_aggressive
conv_01807,love_bombing,love_bombing
conv_07639,passive_aggressive,passive_aggressive
conv_03486,neutral,neutral
conv_09209,passive_aggressive,passive_aggressive
conv_04294,direct_coercion,direct_coercion
conv_07172,passive_aggressive,passive_aggressive
conv_08780,direct_coercion,direct_coercion
conv_03267,neutral,neutral
conv_00678,direct_coercion,direct_coercion
conv_08156,guilt_tripping,guilt_tripping
conv_02568,gaslighting,gaslighting
conv_04095,guilt_tripping,guilt_tripping
conv_03277,neutral,neutral
conv_06133,direct_coercion,direct_coercion
conv_09888,love_bombing,love_bombing
conv_09323,passive_aggressive,passive_aggressive
conv_09388,guilt_tripping,guilt_tripping
conv_04889,gaslighting,gaslighting
conv_02614,neutral,neutral
conv_07635,neutral,neutral
conv_04847,direct_coercion,direct_coercion
conv_07454,gaslighting,gaslighting
conv_05624,charm_flattery,charm_flattery
conv_02210,charm_flattery,charm_flattery
conv_02440,guilt_tripping,guilt_tripping
conv_01635,charm_flattery,charm_flattery
conv_03677,gaslighting,gaslighting
conv_09261,direct_coercion,direct_coercion
conv_08544,gaslighting,gaslighting
conv_06267,passive_aggressive,passive_aggressive
conv_05240,charm_flattery,charm_flattery
conv_05211,neutral,neutral
conv_04661,love_bombing,love_bombing
conv_00894,passive_aggressive,passive_aggressive
conv_01251,gaslighting,gaslighting
conv_07825,love_bombing,love_bombing
conv_01189,charm_flattery,charm_flattery
conv_09956,gaslighting,gaslighting
conv_01287,neutral,neutral
conv_05476,guilt_tripping,guilt_tripping
conv_03247,guilt_tripping,guilt_tripping
conv_07535,passive_aggressive,passive_aggressive
conv_08187,gaslighting,gaslighting
conv_04565,gaslighting,gaslighting
conv_01083,passive_aggressive,passive_aggressive
conv_07580,gaslighting,gaslighting
conv_01778,gaslighting,gaslighting
conv_04819,love_bombing,love_bombing
conv_09254,guilt_tripping,guilt_tripping
conv_07377,neutral,neutral
conv_02821,charm_flattery,charm_flattery
conv_06809,guilt_tripping,guilt_tripping
conv_04091,love_bombing,love_bombing
conv_01679,charm_flattery,charm_flattery
conv_08507,love_bombing,love_bombing
conv_07236,neutral,neutral
conv_00451,passive_aggressive,passive_aggressive
conv_09653,charm_flattery,charm_flattery
conv_02441,neutral,neutral
conv_00698,charm_flattery,charm_flattery
conv_01654,guilt_tripping,guilt_tripping
conv_09466,direct_coercion,direct_coercion
conv_07666,charm_flattery,charm_flattery
conv_02411,neutral,neutral
conv_01872,neutral,neutral
conv_05378,passive_aggressive,passive_aggressive
conv_06290,gaslighting,gaslighting
conv_00496,passive_aggressive,passive_aggressive
conv_06410,passive_aggressive,passive_aggressive
conv_02462,gaslighting,gaslighting
conv_04667,passive_aggressive,passive_aggressive
conv_06443,gaslighting,gaslighting
conv_00100,direct_coercion,direct_coercion
conv_03936,guilt_tripping,guilt_tripping
conv_02908,charm_flattery,charm_flattery
conv_09532,neutral,neutral
conv_04155,direct_coercion,direct_coercion
conv_05682,gaslighting,gaslighting
conv_08331,passive_aggressive,passive_aggressive
conv_01143,guilt_tripping,guilt_tripping
conv_09681,neutral,neutral
conv_02090,direct_coercion,direct_coercion
conv_01826,neutral,neutral
conv_00683,neutral,neutral
conv_08402,charm_flattery,charm_flattery
conv_01401,passive_aggressive,passive_aggressive
conv_00581,love_bombing,love_bombing
conv_06550,passive_aggressive,passive_aggressive
conv_06119,love_bombing,love_bombing
conv_09079,charm_flattery,charm_flattery
conv_08978,guilt_tripping,guilt_tripping
conv_08796,charm_flattery,charm_flattery
conv_05972,gaslighting,gaslighting
conv_04848,love_bombing,love_bombing
conv_00777,guilt_tripping,guilt_tripping
conv_08214,passive_aggressive,passive_aggressive
conv_00811,love_bombing,love_bombing
conv_06121,neutral,neutral
conv_00874,love_bombing,love_bombing
conv_06407,guilt_tripping,guilt_tripping
conv_04005,neutral,neutral
conv_09375,gaslighting,gaslighting
conv_00781,passive_aggressive,passive_aggressive
conv_09248,love_bombing,love_bombing
conv_05533,love_bombing,love_bombing
conv_09379,gaslighting,gaslighting
conv_07518,neutral,neutral
conv_01296,gaslighting,gaslighting
conv_07699,neutral,neutral
conv_00477,gaslighting,gaslighting
conv_03145,neutral,neutral
conv_03380,guilt_tripping,guilt_tripping
conv_04809,gaslighting,gaslighting
conv_05318,charm_flattery,charm_flattery
conv_03608,guilt_tripping,guilt_tripping
conv_03839,gaslighting,gaslighting
conv_03258,passive_aggressive,passive_aggressive
conv_05645,passive_aggressive,passive_aggressive
conv_09144,direct_coercion,direct_coercion
conv_03035,gaslighting,gaslighting
conv_09442,charm_flattery,charm_flattery
conv_05802,gaslighting,gaslighting
conv_05264,neutral,neutral
conv_09334,direct_coercion,direct_coercion
conv_03966,charm_flattery,charm_flattery
conv_06261,direct_coercion,direct_coercion
conv_00389,passive_aggressive,passive_aggressive
conv_03794,guilt_tripping,guilt_tripping
conv_06657,charm_flattery,charm_flattery
conv_05414,gaslighting,gaslighting
conv_04043,love_bombing,love_bombing
conv_06999,direct_coercion,direct_coercion
conv_04876,charm_flattery,charm_flattery
conv_00372,love_bombing,love_bombing
conv_08634,direct_coercion,direct_coercion
conv_07005,passive_aggressive,passive_aggressive
conv_07776,charm_flattery,charm_flattery
conv_07771,charm_flattery,charm_flattery
conv_09185,direct_coercion,direct_coercion
conv_04176,direct_coercion,direct_coercion
conv_01165,charm_flattery,charm_flattery
conv_08224,passive_aggressive,passive_aggressive
conv_08998,gaslighting,gaslighting
conv_07411,love_bombing,love_bombing
conv_05512,direct_coercion,direct_coercion
conv_02376,gaslighting,gaslighting
conv_01538,neutral,neutral
conv_03692,charm_flattery,charm_flattery
conv_07046,direct_coercion,direct_coercion
conv_03381,neutral,neutral
conv_04495,love_bombing,love_bombing
conv_08890,gaslighting,gaslighting
conv_05484,guilt_tripping,guilt_tripping
conv_09326,direct_coercion,direct_coercion
conv_06939,passive_aggressive,passive_aggressive
conv_09921,neutral,neutral
conv_09429,gaslighting,gaslighting
conv_05600,charm_flattery,charm_flattery
conv_01837,neutral,neutral
conv_06043,charm_flattery,charm_flattery
conv_08769,charm_flattery,charm_flattery
conv_02203,direct_coercion,direct_coercion
conv_02838,love_bombing,love_bombing
conv_09654,guilt_tripping,guilt_tripping
conv_07969,passive_aggressive,passive_aggressive
conv_03100,charm_flattery,charm_flattery
conv_03611,gaslighting,gaslighting
conv_00949,passive_aggressive,passive_aggressive
conv_00557,love_bombing,love_bombing
conv_07088,guilt_tripping,guilt_tripping
conv_03913,neutral,neutral
conv_02617,love_bombing,love_bombing
conv_05769,passive_aggressive,passive_aggressive
conv_06652,love_bombing,love_bombing
conv_03756,charm_flattery,charm_flattery
conv_07520,love_bombing,love_bombing
conv_06871,charm_flattery,charm_flattery
conv_06953,passive_aggressive,passive_aggressive
conv_05200,love_bombing,love_bombing
conv_00079,charm_flattery,charm_flattery
conv_04136,love_bombing,love_bombing
conv_00438,passive_aggressive,passive_aggressive
conv_07834,neutral,neutral
conv_08090,direct_coercion,direct_coercion
conv_03934,gaslighting,gaslighting
conv_00367,gaslighting,gaslighting
conv_01729,neutral,neutral
conv_00808,gaslighting,gaslighting
conv_07812,direct_coercion,direct_coercion
conv_06446,love_bombing,love_bombing
conv_09052,neutral,neutral
conv_05078,passive_aggressive,passive_aggressive
conv_01636,love_bombing,love_bombing
conv_01152,guilt_tripping,guilt_tripping
conv_08219,passive_aggressive,passive_aggressive
conv_03252,love_bombing,love_bombing
conv_09699,neutral,neutral
conv_03583,love_bombing,love_bombing
conv_04784,gaslighting,gaslighting
conv_05489,charm_flattery,charm_flattery
conv_00473,passive_aggressive,passive_aggressive
conv_04110,love_bombing,love_bombing
conv_01667,love_bombing,love_bombing
conv_09462,neutral,neutral
conv_07448,direct_coercion,direct_coercion
conv_09242,neutral,neutral
conv_06979,love_bombing,love_bombing
conv_05354,charm_flattery,charm_flattery
conv_02503,gaslighting,gaslighting
conv_09585,charm_flattery,charm_flattery
conv_01177,love_bombing,love_bombing
conv_09671,love_bombing,love_bombing
conv_08951,gaslighting,gaslighting
conv_02607,guilt_tripping,guilt_tripping
conv_02906,love_bombing,love_bombing
conv_06581,direct_coercion,direct_coercion
conv_01578,neutral,neutral
conv_03731,neutral,neutral
conv_03082,guilt_tripping,guilt_tripping
conv_09966,guilt_tripping,guilt_tripping
conv_08503,charm_flattery,charm_flattery
conv_01674,neutral,neutral
conv_05801,neutral,neutral
conv_07924,passive_aggressive,passive_aggressive
conv_04472,charm_flattery,charm_flattery
conv_05191,direct_coercion,direct_coercion
conv_07869,love_bombing,love_bombing
conv_04377,charm_flattery,charm_flattery
conv_04368,neutral,neutral
conv_07527,love_bombing,love_bombing
conv_05433,gaslighting,gaslighting
conv_08859,guilt_tripping,guilt_tripping
conv_02301,direct_coercion,direct_coercion
conv_05475,charm_flattery,charm_flattery
conv_05327,charm_flattery,charm_flattery
conv_08223,gaslighting,gaslighting
conv_01145,neutral,neutral
conv_02883,charm_flattery,charm_flattery
conv_09376,guilt_tripping,guilt_tripping
conv_07979,guilt_tripping,guilt_tripping
conv_06473,guilt_tripping,guilt_tripping
conv_05849,charm_flattery,charm_flattery
conv_03047,direct_coercion,direct_coercion
conv_02806,gaslighting,gaslighting
conv_08509,love_bombing,love_bombing
conv_08727,passive_aggressive,passive_aggressive
conv_03945,charm_flattery,charm_flattery
conv_03706,love_bombing,love_bombing
conv_01797,charm_flattery,charm_flattery
conv_05373,neutral,neutral
conv_02669,gaslighting,gaslighting
conv_09439,neutral,neutral
conv_02383,neutral,neutral
conv_06074,love_bombing,love_bombing
conv_08100,neutral,neutral
conv_02340,guilt_tripping,guilt_tripping
conv_02639,love_bombing,love_bombing
conv_04057,passive_aggressive,passive_aggressive
conv_09709,charm_flattery,charm_flattery
conv_01116,love_bombing,love_bombing
conv_04224,love_bombing,love_bombing
conv_01452,gaslighting,gaslighting
conv_01871,love_bombing,love_bombing
conv_07795,passive_aggressive,passive_aggressive
conv_09860,guilt_tripping,guilt_tripping
conv_04616,love_bombing,love_bombing
conv_08337,direct_coercion,direct_coercion
conv_05283,neutral,neutral
conv_01741,neutral,neutral
conv_03052,gaslighting,gaslighting
conv_09169,passive_aggressive,passive_aggressive
conv_08161,gaslighting,gaslighting
conv_00204,passive_aggressive,guilt_tripping
conv_01903,passive_aggressive,passive_aggressive
conv_06246,love_bombing,love_bombing
conv_06093,gaslighting,gaslighting
conv_02186,charm_flattery,charm_flattery
conv_09762,guilt_tripping,guilt_tripping
conv_02788,direct_coercion,direct_coercion
conv_06765,neutral,neutral
conv_08421,guilt_tripping,guilt_tripping
conv_06510,gaslighting,gaslighting
conv_01395,neutral,neutral
conv_07687,passive_aggressive,passive_aggressive
conv_06434,guilt_tripping,guilt_tripping
conv_06134,charm_flattery,charm_flattery
conv_09953,love_bombing,love_bombing
conv_09834,gaslighting,gaslighting
conv_07930,neutral,neutral
conv_09899,neutral,neutral
conv_09006,neutral,neutral
conv_07755,neutral,neutral
conv_05466,direct_coercion,direct_coercion
conv_05445,charm_flattery,charm_flattery
conv_04543,guilt_tripping,guilt_tripping
conv_03528,guilt_tripping,guilt_tripping
conv_02915,direct_coercion,direct_coercion
conv_07222,neutral,neutral
conv_08126,guilt_tripping,guilt_tripping
conv_06128,charm_flattery,charm_flattery
conv_04952,charm_flattery,charm_flattery
conv_04402,neutral,neutral
conv_07621,passive_aggressive,passive_aggressive
conv_04544,charm_flattery,charm_flattery
conv_02952,guilt_tripping,guilt_tripping
conv_05359,gaslighting,gaslighting
conv_07594,neutral,neutral
conv_09264,guilt_tripping,guilt_tripping
conv_03057,charm_flattery,charm_flattery
conv_02234,direct_coercion,direct_coercion
conv_01153,neutral,neutral
conv_00584,neutral,neutral
conv_04838,direct_coercion,direct_coercion
conv_02189,gaslighting,gaslighting
conv_05830,passive_aggressive,passive_aggressive
conv_06774,guilt_tripping,guilt_tripping
conv_04653,neutral,neutral
conv_04587,guilt_tripping,guilt_tripping
conv_02002,passive_aggressive,passive_aggressive
conv_02146,guilt_tripping,guilt_tripping
conv_06564,neutral,neutral
conv_08760,direct_coercion,direct_coercion
conv_03280,direct_coercion,direct_coercion
conv_03190,charm_flattery,charm_flattery
conv_09434,charm_flattery,charm_flattery
conv_03326,gaslighting,gaslighting
conv_09912,gaslighting,gaslighting
conv_09274,direct_coercion,direct_coercion
conv_03730,neutral,neutral
conv_04251,neutral,neutral
conv_01283,neutral,neutral
conv_00005,love_bombing,love_bombing
conv_08735,love_bombing,love_bombing
conv_05961,gaslighting,gaslighting
conv_01711,direct_coercion,direct_coercion
conv_03223,passive_aggressive,passive_aggressive
conv_01784,gaslighting,gaslighting
conv_03602,direct_coercion,direct_coercion
conv_07191,neutral,neutral
conv_08418,direct_coercion,direct_coercion
conv_02238,charm_flattery,charm_flattery
conv_08480,charm_flattery,charm_flattery
conv_07884,charm_flattery,charm_flattery
conv_01461,guilt_tripping,guilt_tripping
conv_07814,guilt_tripping,guilt_tripping
conv_02128,gaslighting,gaslighting
conv_06345,passive_aggressive,passive_aggressive
conv_01591,passive_aggressive,passive_aggressive
conv_07029,love_bombing,love_bombing
conv_03601,charm_flattery,charm_flattery
conv_04785,neutral,neutral
conv_05486,love_bombing,love_bombing
conv_09205,love_bombing,love_bombing
conv_03480,neutral,neutral
conv_04920,gaslighting,gaslighting
conv_02712,love_bombing,love_bombing
conv_09308,charm_flattery,charm_flattery
conv_04999,guilt_tripping,guilt_tripping
conv_02131,neutral,neutral
conv_03201,love_bombing,love_bombing
conv_01374,guilt_tripping,guilt_tripping
conv_02371,guilt_tripping,guilt_tripping
conv_03214,charm_flattery,charm_flattery
conv_06054,charm_flattery,charm_flattery
conv_08077,gaslighting,gaslighting
conv_08475,gaslighting,gaslighting
conv_00486,love_bombing,love_bombing
conv_07574,neutral,neutral
conv_01212,gaslighting,gaslighting
conv_02227,charm_flattery,charm_flattery
conv_02468,guilt_tripping,guilt_tripping
conv_08905,gaslighting,gaslighting
conv_08342,passive_aggressive,passive_aggressive
conv_05924,direct_coercion,direct_coercion
conv_08200,guilt_tripping,guilt_tripping
conv_04088,charm_flattery,charm_flattery
conv_06202,charm_flattery,charm_flattery
conv_02960,charm_flattery,charm_flattery
conv_00908,passive_aggressive,passive_aggressive
conv_06001,neutral,neutral
conv_06732,neutral,neutral
conv_09328,neutral,neutral
conv_09848,neutral,neutral
conv_07578,passive_aggressive,passive_aggressive
conv_02182,charm_flattery,charm_flattery
conv_03975,guilt_tripping,guilt_tripping
conv_04363,charm_flattery,charm_flattery
conv_08166,passive_aggressive,passive_aggressive
conv_05706,neutral,neutral
conv_08174,love_bombing,love_bombing
conv_07505,passive_aggressive,passive_aggressive
conv_01804,gaslighting,gaslighting
conv_02111,passive_aggressive,passive_aggressive
conv_09390,passive_aggressive,passive_aggressive
conv_03198,passive_aggressive,passive_aggressive
conv_01754,guilt_tripping,guilt_tripping
conv_05765,neutral,neutral
conv_00334,gaslighting,gaslighting
conv_05147,neutral,neutral
conv_09471,charm_flattery,charm_flattery
conv_05588,love_bombing,love_bombing
conv_05018,direct_coercion,direct_coercion
conv_03168,passive_aggressive,passive_aggressive
conv_01497,love_bombing,love_bombing
conv_08081,guilt_tripping,guilt_tripping
conv_09355,guilt_tripping,guilt_tripping
conv_03271,neutral,neutral
conv_07047,love_bombing,love_bombing
conv_09541,passive_aggressive,passive_aggressive
conv_02392,charm_flattery,charm_flattery
conv_08072,charm_flattery,charm_flattery
conv_01982,passive_aggressive,passive_aggressive
conv_02421,neutral,neutral
conv_03625,love_bombing,love_bombing
conv_08913,direct_coercion,direct_coercion
conv_09231,guilt_tripping,guilt_tripping
conv_02670,passive_aggressive,passive_aggressive
conv_08772,charm_flattery,charm_flattery
conv_01156,neutral,neutral
conv_04736,gaslighting,gaslighting
conv_00068,guilt_tripping,guilt_tripping
conv_02972,gaslighting,gaslighting
conv_07007,passive_aggressive,passive_aggressive
conv_03154,gaslighting,gaslighting
conv_09540,charm_flattery,charm_flattery
conv_06698,passive_aggressive,passive_aggressive
conv_09927,neutral,neutral
conv_09628,gaslighting,gaslighting
conv_04961,direct_coercion,direct_coercion
conv_07590,guilt_tripping,guilt_tripping
conv_03699,love_bombing,love_bombing
conv_06811,love_bombing,love_bombing
conv_02743,guilt_tripping,guilt_tripping
conv_02790,gaslighting,gaslighting
conv_02792,charm_flattery,charm_flattery
conv_03784,gaslighting,gaslighting
conv_05388,guilt_tripping,guilt_tripping
conv_06154,passive_aggressive,passive_aggressive
conv_01388,passive_aggressive,passive_aggressive
conv_05452,neutral,neutral
conv_02681,gaslighting,gaslighting
conv_09569,gaslighting,gaslighting
conv_08326,neutral,neutral
conv_03574,passive_aggressive,passive_aggressive
conv_04621,guilt_tripping,guilt_tripping
conv_06822,neutral,neutral
conv_00400,passive_aggressive,passive_aggressive
conv_00435,guilt_tripping,guilt_tripping
conv_07909,neutral,neutral
conv_07733,gaslighting,gaslighting
conv_02523,charm_flattery,charm_flattery
conv_00424,love_bombing,love_bombing
conv_03840,guilt_tripping,guilt_tripping
conv_06500,gaslighting,gaslighting
conv_02538,guilt_tripping,guilt_tripping
conv_08379,gaslighting,gaslighting
conv_07862,neutral,neutral
conv_05221,neutral,neutral
conv_08693,direct_coercion,direct_coercion
conv_01661,passive_aggressive,passive_aggressive
conv_01310,passive_aggressive,passive_aggressive
conv_07389,love_bombing,love_bombing
conv_05045,charm_flattery,charm_flattery
conv_01099,charm_flattery,charm_flattery
conv_07133,neutral,neutral
conv_05908,gaslighting,gaslighting
conv_08123,love_bombing,love_bombing
conv_09454,passive_aggressive,passive_aggressive
conv_06504,love_bombing,love_bombing
conv_08793,direct_coercion,direct_coercion
conv_04225,neutral,neutral
conv_05315,direct_coercion,direct_coercion
conv_08818,gaslighting,gaslighting
conv_02165,passive_aggressive,passive_aggressive
conv_05151,guilt_tripping,guilt_tripping
conv_01103,passive_aggressive,passive_aggressive
conv_03179,gaslighting,gaslighting
conv_00207,neutral,neutral
conv_07655,neutral,neutral
conv_02905,neutral,neutral
conv_02784,direct_coercion,direct_coercion
conv_05243,direct_coercion,direct_coercion
conv_05062,guilt_tripping,guilt_tripping
conv_03772,love_bombing,love_bombing
conv_07463,neutral,neutral
conv_00328,direct_coercion,direct_coercion
conv_08274,neutral,neutral
conv_08900,charm_flattery,charm_flattery
conv_01777,passive_aggressive,passive_aggressive
conv_01175,gaslighting,gaslighting
conv_08190,love_bombing,love_bombing
conv_02498,direct_coercion,direct_coercion
conv_01780,neutral,neutral
conv_04288,direct_coercion,direct_coercion
conv_03594,charm_flattery,charm_flattery
conv_08724,passive_aggressive,passive_aggressive
conv_06140,passive_aggressive,passive_aggressive
conv_05816,neutral,neutral
conv_04802,charm_flattery,charm_flattery
conv_02047,neutral,neutral
conv_01210,charm_flattery,charm_flattery
conv_09984,guilt_tripping,guilt_tripping
conv_00914,neutral,neutral
conv_01531,charm_flattery,charm_flattery
conv_03242,charm_flattery,charm_flattery
conv_08494,guilt_tripping,guilt_tripping
conv_07690,charm_flattery,charm_flattery
conv_06165,direct_coercion,direct_coercion
conv_06428,charm_flattery,charm_flattery
conv_02339,direct_coercion,direct_coercion
conv_00225,direct_coercion,direct_coercion
conv_07822,charm_flattery,charm_flattery
conv_00662,direct_coercion,direct_coercion
conv_06722,love_bombing,love_bombing
conv_07794,neutral,neutral
conv_04239,love_bombing,love_bombing
conv_00369,direct_coercion,direct_coercion
conv_01205,direct_coercion,direct_coercion
conv_08204,direct_coercion,direct_coercion
conv_04806,love_bombing,love_bombing
conv_01866,guilt_tripping,guilt_tripping
conv_09788,neutral,neutral
conv_01418,passive_aggressive,passive_aggressive
conv_07461,guilt_tripping,guilt_tripping
conv_06839,passive_aggressive,passive_aggressive
conv_01989,love_bombing,love_bombing
conv_02511,guilt_tripping,guilt_tripping
conv_02643,gaslighting,gaslighting
conv_03885,neutral,neutral
conv_09549,gaslighting,gaslighting
conv_02053,love_bombing,love_bombing
conv_09116,gaslighting,gaslighting
conv_05935,charm_flattery,charm_flattery
conv_02728,neutral,neutral
conv_09720,direct_coercion,direct_coercion
conv_02067,guilt_tripping,guilt_tripping
conv_09295,neutral,neutral
conv_03041,charm_flattery,charm_flattery
conv_06895,guilt_tripping,guilt_tripping
conv_03113,love_bombing,love_bombing
conv_07355,passive_aggressive,passive_aggressive
conv_03893,love_bombing,love_bombing
conv_03675,charm_flattery,charm_flattery
conv_02173,love_bombing,love_bombing
conv_07328,charm_flattery,charm_flattery
conv_08004,charm_flattery,charm_flattery
conv_01100,guilt_tripping,guilt_tripping
conv_06111,love_bombing,love_bombing
conv_08009,passive_aggressive,passive_aggressive
conv_08819,passive_aggressive,passive_aggressive
conv_08562,direct_coercion,direct_coercion
conv_09271,guilt_tripping,guilt_tripping
conv_09838,neutral,neutral
conv_04511,passive_aggressive,passive_aggressive
conv_05940,direct_coercion,direct_coercion
conv_09189,gaslighting,gaslighting
conv_00944,charm_flattery,charm_flattery
conv_07826,direct_coercion,direct_coercion
conv_09703,gaslighting,gaslighting
conv_02429,guilt_tripping,guilt_tripping
conv_00836,guilt_tripping,guilt_tripping
conv_05936,guilt_tripping,guilt_tripping
conv_01719,guilt_tripping,guilt_tripping
conv_03144,gaslighting,gaslighting
conv_00335,gaslighting,gaslighting
conv_09683,love_bombing,love_bombing
conv_07933,love_bombing,love_bombing
conv_09909,passive_aggressive,passive_aggressive
conv_06169,love_bombing,love_bombing
conv_06060,guilt_tripping,guilt_tripping
conv_02710,charm_flattery,charm_flattery
conv_00428,passive_aggressive,passive_aggressive
conv_05152,passive_aggressive,passive_aggressive
conv_03074,love_bombing,love_bombing
conv_03947,passive_aggressive,passive_aggressive
conv_08032,charm_flattery,charm_flattery
conv_00401,neutral,neutral
conv_07413,love_bombing,love_bombing
conv_03522,gaslighting,gaslighting
conv_09027,direct_coercion,direct_coercion
conv_00240,gaslighting,gaslighting
conv_03688,gaslighting,gaslighting
conv_04630,passive_aggressive,passive_aggressive
conv_08552,gaslighting,gaslighting
conv_06280,passive_aggressive,passive_aggressive
conv_01900,neutral,neutral
conv_09268,guilt_tripping,guilt_tripping
conv_04782,guilt_tripping,guilt_tripping
conv_07085,passive_aggressive,passive_aggressive
conv_02035,direct_coercion,direct_coercion
conv_04744,gaslighting,gaslighting
conv_05257,passive_aggressive,passive_aggressive
conv_09215,charm_flattery,charm_flattery
conv_03513,direct_coercion,direct_coercion
conv_00292,passive_aggressive,passive_aggressive
conv_08392,gaslighting,gaslighting
conv_01107,neutral,neutral
conv_06142,direct_coercion,direct_coercion
conv_07187,charm_flattery,charm_flattery
conv_03866,passive_aggressive,passive_aggressive
conv_05295,neutral,neutral
conv_09113,charm_flattery,charm_flattery
conv_02239,direct_coercion,direct_coercion
conv_01002,neutral,neutral
conv_03293,passive_aggressive,passive_aggressive
conv_08738,love_bombing,love_bombing
conv_07374,charm_flattery,charm_flattery
conv_05421,direct_coercion,direct_coercion
conv_03889,gaslighting,gaslighting
conv_03193,love_bombing,love_bombing
conv_01625,direct_coercion,direct_coercion
conv_00892,passive_aggressive,passive_aggressive
conv_01470,charm_flattery,charm_flattery
conv_09219,gaslighting,gaslighting
conv_02786,love_bombing,love_bombing
conv_04794,direct_coercion,direct_coercion
conv_05501,neutral,neutral
conv_05724,love_bombing,love_bombing
conv_07208,love_bombing,love_bombing
conv_04924,passive_aggressive,passive_aggressive
conv_02403,love_bombing,love_bombing
conv_00823,guilt_tripping,guilt_tripping
conv_01166,neutral,neutral
conv_09310,direct_coercion,direct_coercion
conv_01862,direct_coercion,direct_coercion
conv_03864,direct_coercion,direct_coercion
conv_06692,neutral,neutral
conv_09253,charm_flattery,charm_flattery
conv_00759,charm_flattery,charm_flattery
conv_04891,guilt_tripping,guilt_tripping
conv_02292,neutral,neutral
conv_04146,passive_aggressive,passive_aggressive
conv_04420,passive_aggressive,passive_aggressive
conv_03909,neutral,neutral
conv_09646,love_bombing,love_bombing
conv_00641,charm_flattery,charm_flattery
conv_05651,charm_flattery,charm_flattery
conv_09034,neutral,neutral
conv_05513,charm_flattery,charm_flattery
conv_03296,neutral,neutral
conv_00526,love_bombing,love_bombing
conv_00183,love_bombing,love_bombing
conv_07954,passive_aggressive,passive_aggressive
conv_05741,gaslighting,gaslighting
conv_04458,passive_aggressive,passive_aggressive
conv_03791,gaslighting,gaslighting
conv_04254,neutral,neutral
conv_06343,direct_coercion,direct_coercion
conv_07369,love_bombing,love_bombing
conv_00115,gaslighting,gaslighting
conv_01451,direct_coercion,direct_coercion
conv_00120,charm_flattery,charm_flattery
conv_04274,gaslighting,gaslighting
conv_00903,love_bombing,love_bombing
conv_00263,direct_coercion,direct_coercion
conv_07806,gaslighting,gaslighting
conv_05072,passive_aggressive,passive_aggressive
conv_08262,gaslighting,gaslighting
conv_09794,passive_aggressive,passive_aggressive
conv_00282,direct_coercion,direct_coercion
conv_01831,charm_flattery,charm_flattery
conv_00151,passive_aggressive,passive_aggressive
conv_04835,direct_coercion,direct_coercion
conv_05982,love_bombing,love_bombing
conv_09744,charm_flattery,charm_flattery
conv_00361,gaslighting,gaslighting
conv_08851,guilt_tripping,guilt_tripping
conv_02845,direct_coercion,direct_coercion
conv_06301,neutral,neutral
conv_08831,love_bombing,love_bombing
conv_09774,love_bombing,love_bombing
conv_09306,passive_aggressive,passive_aggressive
conv_09183,guilt_tripping,guilt_tripping
conv_06908,charm_flattery,charm_flattery
conv_06250,direct_coercion,direct_coercion
conv_02126,neutral,neutral
conv_03938,passive_aggressive,passive_aggressive
conv_01023,passive_aggressive,passive_aggressive
conv_07763,direct_coercion,direct_coercion
conv_06271,direct_coercion,direct_coercion
conv_07651,love_bombing,love_bombing
conv_03496,gaslighting,gaslighting
conv_04896,gaslighting,gaslighting
conv_03960,gaslighting,gaslighting
conv_06282,love_bombing,love_bombing
conv_00681,charm_flattery,charm_flattery
conv_09336,direct_coercion,direct_coercion
conv_05861,neutral,neutral
conv_04197,love_bombing,love_bombing
conv_02635,neutral,neutral
conv_02964,guilt_tripping,guilt_tripping
conv_08297,love_bombing,love_bombing
conv_05815,neutral,neutral
conv_06727,direct_coercion,direct_coercion
conv_02380,direct_coercion,direct_coercion
conv_06897,guilt_tripping,guilt_tripping
conv_03597,charm_flattery,charm_flattery
conv_01370,guilt_tripping,guilt_tripping
conv_00022,passive_aggressive,passive_aggressive
conv_01159,neutral,neutral
conv_05800,gaslighting,gaslighting
conv_09039,charm_flattery,charm_flattery
conv_09802,gaslighting,gaslighting
conv_06381,charm_flattery,charm_flattery
conv_03576,direct_coercion,direct_coercion
conv_03476,guilt_tripping,guilt_tripping
conv_09797,gaslighting,gaslighting
conv_08298,charm_flattery,charm_flattery
conv_00749,love_bombing,love_bombing
conv_08940,guilt_tripping,guilt_tripping
conv_04029,direct_coercion,direct_coercion
conv_01109,passive_aggressive,passive_aggressive
conv_05701,direct_coercion,direct_coercion
conv_01110,gaslighting,gaslighting
conv_08368,charm_flattery,charm_flattery
conv_09193,charm_flattery,charm_flattery
conv_03022,gaslighting,gaslighting
conv_01563,love_bombing,love_bombing
conv_08071,guilt_tripping,guilt_tripping
conv_01926,neutral,neutral
conv_08897,charm_flattery,charm_flattery
conv_04129,neutral,neutral
conv_03104,charm_flattery,charm_flattery
conv_00742,passive_aggressive,passive_aggressive
conv_01909,love_bombing,love_bombing
conv_03554,love_bombing,love_bombing
conv_01662,charm_flattery,charm_flattery
conv_03238,charm_flattery,charm_flattery
conv_07082,love_bombing,love_bombing
conv_06450,passive_aggressive,passive_aggressive
conv_04454,neutral,neutral
conv_05764,love_bombing,love_bombing
conv_07254,guilt_tripping,guilt_tripping
conv_00535,guilt_tripping,guilt_tripping
conv_00213,neutral,neutral
conv_08183,gaslighting,gaslighting
conv_04355,neutral,neutral
conv_06478,direct_coercion,direct_coercion
conv_05812,direct_coercion,direct_coercion
conv_04188,guilt_tripping,guilt_tripping
conv_04444,love_bombing,love_bombing
conv_02105,charm_flattery,charm_flattery
conv_09493,charm_flattery,charm_flattery
conv_05029,love_bombing,love_bombing
conv_01250,neutral,neutral
conv_01330,guilt_tripping,guilt_tripping
conv_00463,love_bombing,love_bombing
conv_08537,passive_aggressive,passive_aggressive
conv_05031,gaslighting,gaslighting
conv_08750,passive_aggressive,passive_aggressive
conv_05382,love_bombing,love_bombing
conv_02841,love_bombing,love_bombing
conv_01430,neutral,neutral
conv_08889,direct_coercion,direct_coercion
conv_03667,charm_flattery,charm_flattery
conv_02088,passive_aggressive,passive_aggressive
conv_00067,love_bombing,love_bombing
conv_09299,love_bombing,love_bombing
conv_02252,passive_aggressive,passive_aggressive
conv_01611,guilt_tripping,guilt_tripping
conv_09233,guilt_tripping,guilt_tripping
conv_07053,direct_coercion,direct_coercion
conv_00086,charm_flattery,charm_flattery
conv_03404,love_bombing,love_bombing
conv_04416,passive_aggressive,passive_aggressive
conv_09819,charm_flattery,charm_flattery
conv_00021,direct_coercion,direct_coercion
conv_08629,passive_aggressive,passive_aggressive
conv_06384,passive_aggressive,passive_aggressive
conv_00417,love_bombing,love_bombing
conv_03887,charm_flattery,charm_flattery
conv_01978,charm_flattery,charm_flattery
conv_03357,gaslighting,gaslighting
conv_08620,guilt_tripping,guilt_tripping
conv_06259,passive_aggressive,passive_aggressive
conv_04413,neutral,neutral
conv_08208,neutral,neutral
conv_08732,love_bombing,love_bombing
conv_05887,gaslighting,gaslighting
conv_08255,love_bombing,love_bombing
conv_03098,gaslighting,gaslighting
conv_03176,direct_coercion,direct_coercion
conv_00036,neutral,neutral
conv_07537,gaslighting,gaslighting
conv_09367,direct_coercion,direct_coercion
conv_01918,gaslighting,gaslighting
conv_00603,neutral,neutral
conv_04252,guilt_tripping,guilt_tripping
conv_00537,gaslighting,gaslighting
conv_07472,passive_aggressive,passive_aggressive
conv_01561,direct_coercion,direct_coercion
conv_04149,love_bombing,love_bombing
conv_04266,love_bombing,love_bombing
conv_01400,guilt_tripping,guilt_tripping
conv_03834,passive_aggressive,passive_aggressive
conv_02599,guilt_tripping,guilt_tripping
conv_05440,direct_coercion,direct_coercion
conv_07676,direct_coercion,direct_coercion
conv_01465,gaslighting,gaslighting
conv_06461,charm_flattery,charm_flattery
conv_04457,direct_coercion,direct_coercion
conv_05076,gaslighting,gaslighting
conv_06603,charm_flattery,charm_flattery
conv_04700,direct_coercion,direct_coercion
conv_08880,love_bombing,love_bombing
conv_00795,direct_coercion,direct_coercion
conv_01747,passive_aggressive,passive_aggressive
conv_09377,guilt_tripping,guilt_tripping
conv_03614,love_bombing,love_bombing
conv_05185,guilt_tripping,guilt_tripping
conv_04775,passive_aggressive,passive_aggressive
conv_09415,charm_flattery,charm_flattery
conv_07114,neutral,neutral
conv_02949,charm_flattery,charm_flattery
conv_01893,direct_coercion,direct_coercion
conv_03354,direct_coercion,direct_coercion
conv_02488,love_bombing,love_bombing
conv_09736,passive_aggressive,passive_aggressive
conv_08557,charm_flattery,charm_flattery
conv_01352,charm_flattery,charm_flattery
conv_06918,gaslighting,gaslighting
conv_06006,neutral,neutral
conv_06303,charm_flattery,charm_flattery
conv_03776,passive_aggressive,passive_aggressive
conv_02068,love_bombing,love_bombing
conv_09697,passive_aggressive,passive_aggressive
conv_09128,passive_aggressive,passive_aggressive
conv_03961,neutral,neutral
conv_08272,guilt_tripping,guilt_tripping
conv_03335,charm_flattery,charm_flattery
conv_09881,gaslighting,gaslighting
conv_09260,passive_aggressive,passive_aggressive
conv_04592,love_bombing,love_bombing
conv_02197,direct_coercion,direct_coercion
conv_09275,charm_flattery,charm_flattery
conv_08702,gaslighting,gaslighting
conv_05404,passive_aggressive,passive_aggressive
conv_09055,direct_coercion,direct_coercion
conv_04206,charm_flattery,charm_flattery
conv_08910,guilt_tripping,guilt_tripping
conv_09178,neutral,neutral
conv_06049,passive_aggressive,passive_aggressive
conv_08460,direct_coercion,direct_coercion
conv_09994,love_bombing,love_bombing
conv_00153,love_bombing,love_bombing
conv_05998,charm_flattery,charm_flattery
conv_01245,gaslighting,gaslighting
conv_09168,direct_coercion,direct_coercion
conv_09551,charm_flattery,charm_flattery
conv_05049,direct_coercion,direct_coercion
conv_05190,gaslighting,gaslighting
conv_04522,gaslighting,gaslighting
conv_00419,love_bombing,love_bombing
conv_02372,love_bombing,love_bombing
conv_05799,direct_coercion,direct_coercion
conv_00804,charm_flattery,charm_flattery
conv_04633,neutral,neutral
conv_03890,gaslighting,gaslighting
conv_07910,charm_flattery,charm_flattery
conv_04063,charm_flattery,charm_flattery
conv_07127,direct_coercion,direct_coercion
conv_08456,gaslighting,gaslighting
conv_09479,direct_coercion,direct_coercion
conv_08773,guilt_tripping,guilt_tripping
conv_09414,passive_aggressive,passive_aggressive
conv_03401,charm_flattery,charm_flattery
conv_09480,love_bombing,love_bombing
conv_07878,direct_coercion,direct_coercion
conv_04839,charm_flattery,charm_flattery
conv_05383,charm_flattery,charm_flattery
conv_01670,charm_flattery,charm_flattery
conv_09118,charm_flattery,charm_flattery
conv_02196,direct_coercion,direct_coercion
conv_05009,neutral,neutral
conv_00128,charm_flattery,charm_flattery
conv_07984,guilt_tripping,guilt_tripping
conv_08438,neutral,neutral
conv_08471,neutral,neutral
conv_04087,gaslighting,gaslighting
conv_05758,neutral,neutral
conv_07202,gaslighting,gaslighting
conv_05123,charm_flattery,charm_flattery
conv_02858,guilt_tripping,guilt_tripping
conv_02852,direct_coercion,direct_coercion
conv_09369,neutral,neutral
conv_07809,direct_coercion,direct_coercion
conv_05248,gaslighting,gaslighting
conv_06334,guilt_tripping,guilt_tripping
conv_01368,passive_aggressive,passive_aggressive
conv_05084,charm_flattery,charm_flattery
conv_05856,gaslighting,gaslighting
conv_01341,direct_coercion,direct_coercion
conv_08397,charm_flattery,charm_flattery
conv_09579,direct_coercion,direct_coercion
conv_02134,guilt_tripping,guilt_tripping
conv_08742,charm_flattery,charm_flattery
conv_00399,love_bombing,love_bombing
conv_07240,charm_flattery,charm_flattery
conv_07636,passive_aggressive,passive_aggressive
conv_00959,gaslighting,gaslighting
conv_04181,guilt_tripping,guilt_tripping
conv_07759,charm_flattery,charm_flattery
conv_06114,gaslighting,gaslighting
conv_07689,passive_aggressive,passive_aggressive
conv_03205,charm_flattery,charm_flattery
conv_05863,love_bombing,love_bombing
conv_08134,passive_aggressive,passive_aggressive
conv_09871,neutral,neutral
conv_02778,neutral,neutral
conv_06902,direct_coercion,direct_coercion
conv_09679,direct_coercion,direct_coercion
conv_04540,guilt_tripping,guilt_tripping
conv_05902,direct_coercion,direct_coercion
conv_04969,direct_coercion,direct_coercion
conv_08491,neutral,neutral
conv_02898,guilt_tripping,guilt_tripping
conv_03469,passive_aggressive,passive_aggressive
conv_00132,charm_flattery,charm_flattery
conv_07003,love_bombing,love_bombing
conv_06919,guilt_tripping,guilt_tripping
conv_05436,gaslighting,gaslighting
conv_06328,charm_flattery,charm_flattery
conv_05631,direct_coercion,direct_coercion
conv_05585,guilt_tripping,guilt_tripping
conv_08242,love_bombing,love_bombing
conv_08594,charm_flattery,charm_flattery
conv_07319,neutral,neutral
conv_06743,neutral,neutral
conv_09778,charm_flattery,charm_flattery
conv_03815,guilt_tripping,guilt_tripping
conv_04840,guilt_tripping,guilt_tripping
conv_04923,guilt_tripping,guilt_tripping
conv_01876,passive_aggressive,passive_aggressive
conv_09733,direct_coercion,direct_coercion
conv_07605,neutral,neutral
conv_01187,neutral,neutral
conv_04978,neutral,neutral
conv_01150,direct_coercion,direct_coercion
conv_03781,neutral,neutral
conv_04695,gaslighting,gaslighting
conv_06975,direct_coercion,direct_coercion
conv_08268,neutral,neutral
conv_04345,love_bombing,love_bombing
conv_09161,neutral,neutral
conv_03718,passive_aggressive,passive_aggressive
conv_04516,direct_coercion,direct_coercion
conv_09510,love_bombing,love_bombing
conv_09753,neutral,neutral
conv_05514,passive_aggressive,passive_aggressive
conv_06302,guilt_tripping,guilt_tripping
conv_04009,neutral,neutral
conv_04814,neutral,neutral
conv_07542,neutral,neutral
conv_00643,guilt_tripping,guilt_tripping
conv_04174,guilt_tripping,guilt_tripping
conv_06327,charm_flattery,charm_flattery
conv_05174,neutral,neutral
conv_07210,gaslighting,gaslighting
conv_04584,passive_aggressive,passive_aggressive
conv_08129,gaslighting,gaslighting
conv_06923,guilt_tripping,guilt_tripping
conv_01057,passive_aggressive,passive_aggressive
conv_00992,guilt_tripping,guilt_tripping
conv_09002,love_bombing,love_bombing
conv_07064,neutral,neutral
conv_08241,neutral,neutral
conv_00396,love_bombing,love_bombing
conv_06624,charm_flattery,charm_flattery
conv_00449,guilt_tripping,guilt_tripping
conv_05217,gaslighting,gaslighting
conv_05487,guilt_tripping,guilt_tripping
conv_04858,gaslighting,gaslighting
conv_03484,passive_aggressive,passive_aggressive
conv_05999,neutral,neutral
conv_06520,charm_flattery,charm_flattery
conv_07963,love_bombing,love_bombing
conv_02671,neutral,neutral
conv_05227,neutral,neutral
conv_04774,passive_aggressive,passive_aggressive
conv_01697,charm_flattery,charm_flattery
conv_09153,gaslighting,gaslighting
conv_02715,passive_aggressive,passive_aggressive
conv_01301,neutral,neutral
conv_02645,charm_flattery,charm_flattery
conv_02957,passive_aggressive,passive_aggressive
conv_00536,guilt_tripping,guilt_tripping
conv_00960,charm_flattery,charm_flattery
conv_08762,charm_flattery,charm_flattery
conv_02840,love_bombing,love_bombing
conv_09109,charm_flattery,charm_flattery
conv_09859,direct_coercion,direct_coercion
conv_08075,neutral,neutral
conv_01849,love_bombing,love_bombing
conv_09531,passive_aggressive,passive_aggressive
conv_07544,passive_aggressive,passive_aggressive
conv_05527,guilt_tripping,guilt_tripping
conv_05821,guilt_tripping,guilt_tripping
conv_00329,guilt_tripping,guilt_tripping
conv_08666,gaslighting,gaslighting
conv_08290,guilt_tripping,guilt_tripping
conv_03759,charm_flattery,charm_flattery
conv_07804,neutral,neutral
conv_04051,love_bombing,love_bombing
conv_01769,guilt_tripping,guilt_tripping
conv_02055,gaslighting,gaslighting
conv_03914,neutral,neutral
conv_03450,neutral,neutral
conv_05097,love_bombing,love_bombing
conv_05082,direct_coercion,direct_coercion
conv_03015,direct_coercion,direct_coercion
conv_02925,charm_flattery,charm_flattery
conv_03147,gaslighting,gaslighting
conv_06970,passive_aggressive,passive_aggressive
conv_06353,neutral,neutral
conv_04997,gaslighting,gaslighting
conv_06375,guilt_tripping,guilt_tripping
conv_06776,neutral,neutral
conv_07297,gaslighting,gaslighting
conv_05712,passive_aggressive,passive_aggressive
conv_08616,guilt_tripping,guilt_tripping
conv_05369,love_bombing,love_bombing
conv_00558,neutral,neutral
conv_06173,charm_flattery,charm_flattery
conv_06040,neutral,neutral
conv_07356,passive_aggressive,passive_aggressive
conv_06622,guilt_tripping,guilt_tripping
conv_01199,guilt_tripping,guilt_tripping
conv_07443,neutral,neutral
conv_03629,neutral,neutral
conv_01958,charm_flattery,charm_flattery
conv_04453,guilt_tripping,guilt_tripping
conv_06945,direct_coercion,direct_coercion
conv_08087,direct_coercion,direct_coercion
conv_05344,passive_aggressive,passive_aggressive
conv_01399,love_bombing,love_bombing
conv_01536,passive_aggressive,passive_aggressive
conv_04302,passive_aggressive,passive_aggressive
conv_09353,guilt_tripping,guilt_tripping
conv_03896,neutral,neutral
conv_02954,direct_coercion,direct_coercion
conv_06176,direct_coercion,direct_coercion
conv_04783,neutral,neutral
conv_08288,neutral,neutral
conv_06976,gaslighting,gaslighting
conv_07978,direct_coercion,direct_coercion
conv_00437,love_bombing,love_bombing
conv_04965,charm_flattery,charm_flattery
conv_02760,love_bombing,love_bombing
conv_04742,passive_aggressive,passive_aggressive
conv_03268,love_bombing,love_bombing
conv_04140,charm_flattery,charm_flattery
conv_03652,passive_aggressive,passive_aggressive
conv_06659,love_bombing,love_bombing
conv_04487,charm_flattery,charm_flattery
conv_08007,neutral,neutral
conv_02472,guilt_tripping,guilt_tripping
conv_09752,gaslighting,gaslighting
conv_00655,guilt_tripping,guilt_tripping
conv_05540,charm_flattery,charm_flattery
conv_08282,passive_aggressive,passive_aggressive
conv_07154,gaslighting,gaslighting
conv_07153,love_bombing,love_bombing
conv_00690,love_bombing,love_bombing
conv_03162,neutral,neutral
conv_01692,direct_coercion,direct_coercion
conv_00338,neutral,neutral
conv_02188,charm_flattery,charm_flattery
conv_02420,passive_aggressive,passive_aggressive
conv_06296,direct_coercion,direct_coercion
conv_00028,gaslighting,gaslighting
conv_08972,direct_coercion,direct_coercion
conv_08022,direct_coercion,direct_coercion
conv_07139,neutral,neutral
conv_07400,neutral,neutral
conv_08671,love_bombing,love_bombing
conv_09502,guilt_tripping,guilt_tripping
conv_02642,charm_flattery,charm_flattery
conv_02562,direct_coercion,direct_coercion
conv_00864,love_bombing,love_bombing
conv_00015,direct_coercion,direct_coercion
conv_07663,direct_coercion,direct_coercion
conv_07872,passive_aggressive,passive_aggressive
conv_05412,love_bombing,love_bombing
conv_05787,guilt_tripping,guilt_tripping
conv_04510,charm_flattery,charm_flattery
conv_05957,direct_coercion,direct_coercion
conv_01201,guilt_tripping,guilt_tripping
conv_08513,passive_aggressive,passive_aggressive
conv_01975,love_bombing,love_bombing
conv_02367,direct_coercion,direct_coercion
conv_02634,love_bombing,love_bombing
conv_02317,neutral,neutral
conv_03837,passive_aggressive,passive_aggressive
conv_09350,love_bombing,love_bombing
conv_04657,gaslighting,gaslighting
conv_07109,neutral,neutral
conv_09496,guilt_tripping,guilt_tripping
conv_09469,direct_coercion,direct_coercion
conv_05298,love_bombing,love_bombing
conv_05995,passive_aggressive,passive_aggressive
conv_02583,gaslighting,gaslighting
conv_06648,love_bombing,love_bombing
conv_04938,love_bombing,love_bombing
conv_04798,guilt_tripping,guilt_tripping
conv_00020,gaslighting,gaslighting
conv_05599,love_bombing,love_bombing
conv_03649,charm_flattery,charm_flattery
conv_01434,charm_flattery,charm_flattery
conv_01311,gaslighting,gaslighting
conv_02065,neutral,neutral
conv_05845,charm_flattery,charm_flattery
conv_06044,direct_coercion,direct_coercion
conv_03475,love_bombing,love_bombing
conv_01335,neutral,neutral
conv_08170,gaslighting,gaslighting
conv_07455,charm_flattery,charm_flattery
conv_08110,passive_aggressive,passive_aggressive
conv_02118,neutral,neutral
conv_08933,neutral,neutral
conv_00457,neutral,neutral
conv_07375,charm_flattery,charm_flattery
conv_03800,passive_aggressive,passive_aggressive
conv_03203,guilt_tripping,guilt_tripping
conv_05838,direct_coercion,direct_coercion
conv_03681,guilt_tripping,guilt_tripping
conv_06401,gaslighting,gaslighting
conv_03888,love_bombing,love_bombing
conv_03163,direct_coercion,direct_coercion
conv_03409,love_bombing,love_bombing
conv_05080,love_bombing,love_bombing
conv_07692,direct_coercion,direct_coercion
conv_00860,guilt_tripping,guilt_tripping
conv_05526,direct_coercion,direct_coercion
conv_02209,charm_flattery,charm_flattery
conv_04120,gaslighting,gaslighting
conv_03799,direct_coercion,direct_coercion
conv_07067,charm_flattery,charm_flattery
conv_09173,neutral,neutral
conv_02998,passive_aggressive,passive_aggressive
conv_05627,gaslighting,gaslighting
conv_00893,neutral,neutral
conv_07162,neutral,neutral
conv_06233,direct_coercion,direct_coercion
conv_00002,direct_coercion,direct_coercion
conv_00502,guilt_tripping,guilt_tripping
conv_02408,neutral,neutral
conv_03690,guilt_tripping,guilt_tripping
conv_01332,gaslighting,gaslighting
conv_01095,charm_flattery,charm_flattery
conv_01896,charm_flattery,charm_flattery
conv_05106,charm_flattery,charm_flattery
conv_08833,passive_aggressive,passive_aggressive
conv_08725,guilt_tripping,guilt_tripping
conv_03039,passive_aggressive,passive_aggressive
conv_08730,guilt_tripping,guilt_tripping
conv_06436,neutral,neutral
conv_00232,charm_flattery,charm_flattery
conv_00465,love_bombing,love_bombing
conv_09495,charm_flattery,charm_flattery
conv_07875,gaslighting,gaslighting
conv_03383,love_bombing,love_bombing
conv_01606,gaslighting,gaslighting
conv_04515,guilt_tripping,guilt_tripping
conv_04013,direct_coercion,direct_coercion
conv_00056,passive_aggressive,passive_aggressive
conv_02095,direct_coercion,direct_coercion
conv_04732,charm_flattery,charm_flattery
conv_05012,neutral,neutral
conv_07090,gaslighting,gaslighting
conv_07956,neutral,neutral
conv_03547,gaslighting,gaslighting
conv_02831,guilt_tripping,guilt_tripping
conv_03992,gaslighting,gaslighting
conv_00778,love_bombing,love_bombing
conv_01554,gaslighting,gaslighting
conv_09452,passive_aggressive,passive_aggressive
conv_01972,love_bombing,love_bombing
conv_09972,gaslighting,gaslighting
conv_06651,direct_coercion,direct_coercion
conv_01494,passive_aggressive,passive_aggressive
conv_07453,charm_flattery,charm_flattery
conv_02473,passive_aggressive,passive_aggressive
conv_05775,gaslighting,gaslighting
conv_09119,love_bombing,love_bombing
conv_00017,passive_aggressive,passive_aggressive
conv_07023,passive_aggressive,passive_aggressive
conv_07634,passive_aggressive,passive_aggressive
conv_05530,love_bombing,love_bombing
conv_09313,direct_coercion,direct_coercion
conv_09566,charm_flattery,charm_flattery
conv_02109,gaslighting,gaslighting
conv_03497,guilt_tripping,guilt_tripping
conv_03488,direct_coercion,direct_coercion
conv_06914,love_bombing,love_bombing
conv_09555,gaslighting,gaslighting
conv_04058,love_bombing,love_bombing
conv_08975,direct_coercion,direct_coercion
conv_01282,neutral,neutral
conv_03431,neutral,neutral
conv_08690,passive_aggressive,passive_aggressive
conv_07359,neutral,neutral
conv_00212,gaslighting,gaslighting
conv_06435,neutral,neutral
conv_03188,direct_coercion,direct_coercion
conv_03152,charm_flattery,charm_flattery
conv_01632,guilt_tripping,guilt_tripping
conv_09721,neutral,neutral
conv_07231,guilt_tripping,guilt_tripping
conv_09338,direct_coercion,direct_coercion
conv_06602,guilt_tripping,guilt_tripping
conv_04637,guilt_tripping,guilt_tripping
conv_04721,direct_coercion,direct_coercion
conv_07511,neutral,neutral
conv_08553,passive_aggressive,passive_aggressive
conv_07908,direct_coercion,direct_coercion
conv_03261,charm_flattery,charm_flattery
conv_08962,direct_coercion,direct_coercion
conv_05357,guilt_tripping,guilt_tripping
conv_05407,neutral,neutral
conv_04581,love_bombing,love_bombing
conv_00271,love_bombing,love_bombing
conv_05245,direct_coercion,direct_coercion
conv_01564,passive_aggressive,passive_aggressive
conv_09980,neutral,neutral
conv_05226,love_bombing,love_bombing
conv_00735,passive_aggressive,passive_aggressive
conv_05455,passive_aggressive,passive_aggressive
conv_08440,gaslighting,gaslighting
conv_09728,gaslighting,gaslighting
conv_03125,direct_coercion,direct_coercion
conv_09775,gaslighting,gaslighting
conv_04281,guilt_tripping,guilt_tripping
conv_05349,neutral,neutral
conv_08044,love_bombing,love_bombing
conv_03465,charm_flattery,charm_flattery
conv_04730,charm_flattery,charm_flattery
conv_00899,passive_aggressive,passive_aggressive
conv_07932,charm_flattery,charm_flattery
conv_07944,guilt_tripping,guilt_tripping
conv_02064,guilt_tripping,guilt_tripping
conv_08025,neutral,neutral
conv_02963,guilt_tripping,guilt_tripping
conv_06863,gaslighting,gaslighting
conv_08511,charm_flattery,charm_flattery
conv_02531,love_bombing,love_bombing
conv_00243,guilt_tripping,guilt_tripping
conv_00962,charm_flattery,charm_flattery
conv_00288,love_bombing,love_bombing
conv_08484,neutral,neutral
conv_08534,love_bombing,love_bombing
conv_06772,gaslighting,gaslighting
conv_02616,direct_coercion,direct_coercion
conv_00425,guilt_tripping,guilt_tripping
conv_08067,passive_aggressive,passive_aggressive
conv_01280,direct_coercion,direct_coercion
conv_06474,neutral,neutral
conv_02163,guilt_tripping,guilt_tripping
conv_06373,gaslighting,gaslighting
conv_09032,passive_aggressive,passive_aggressive
conv_08429,gaslighting,gaslighting
conv_04217,direct_coercion,direct_coercion
conv_03245,neutral,neutral
conv_02112,neutral,neutral
conv_04231,charm_flattery,charm_flattery
conv_08948,gaslighting,gaslighting
conv_07241,charm_flattery,charm_flattery
conv_07057,gaslighting,gaslighting
conv_06144,direct_coercion,direct_coercion
conv_09799,gaslighting,gaslighting
conv_03701,direct_coercion,direct_coercion
conv_06100,love_bombing,love_bombing
conv_03158,guilt_tripping,guilt_tripping
conv_00269,love_bombing,love_bombing
conv_06097,gaslighting,gaslighting
conv_05077,love_bombing,love_bombing
conv_06626,love_bombing,love_bombing
conv_05806,neutral,neutral
conv_00515,neutral,neutral
conv_03375,passive_aggressive,passive_aggressive
conv_01373,guilt_tripping,guilt_tripping
conv_04800,guilt_tripping,guilt_tripping
conv_08508,guilt_tripping,guilt_tripping
conv_04617,passive_aggressive,passive_aggressive
conv_00253,passive_aggressive,passive_aggressive
conv_02588,gaslighting,gaslighting
conv_03898,direct_coercion,direct_coercion
conv_03903,passive_aggressive,passive_aggressive
conv_09421,direct_coercion,direct_coercion
conv_09851,neutral,neutral
conv_08728,gaslighting,gaslighting
conv_02530,passive_aggressive,passive_aggressive
conv_03120,charm_flattery,charm_flattery
conv_09142,guilt_tripping,guilt_tripping
conv_07789,neutral,neutral
conv_00230,guilt_tripping,guilt_tripping
conv_04282,charm_flattery,charm_flattery
conv_00752,neutral,neutral
conv_08027,passive_aggressive,passive_aggressive
conv_07318,passive_aggressive,passive_aggressive
conv_03573,guilt_tripping,guilt_tripping
conv_01137,passive_aggressive,passive_aggressive
conv_08545,passive_aggressive,passive_aggressive
conv_07586,direct_coercion,direct_coercion
conv_08901,neutral,neutral
conv_05266,direct_coercion,direct_coercion
conv_02996,passive_aggressive,passive_aggressive
conv_06268,direct_coercion,direct_coercion
conv_08146,direct_coercion,direct_coercion
conv_00159,direct_coercion,direct_coercion
conv_01477,direct_coercion,direct_coercion
conv_02546,passive_aggressive,passive_aggressive
conv_06929,passive_aggressive,passive_aggressive
conv_08604,passive_aggressive,passive_aggressive
conv_09955,direct_coercion,direct_coercion
conv_09401,direct_coercion,direct_coercion
conv_08172,direct_coercion,direct_coercion
conv_09088,neutral,neutral
conv_09801,guilt_tripping,guilt_tripping
conv_08423,direct_coercion,direct_coercion
conv_05782,love_bombing,love_bombing
conv_04644,guilt_tripping,guilt_tripping
conv_08144,love_bombing,love_bombing
conv_00859,direct_coercion,direct_coercion
conv_06285,direct_coercion,direct_coercion
conv_01713,gaslighting,gaslighting
conv_08453,gaslighting,gaslighting
conv_02899,direct_coercion,direct_coercion
conv_07388,guilt_tripping,guilt_tripping
conv_01665,passive_aggressive,passive_aggressive
conv_08877,neutral,neutral
conv_00988,charm_flattery,charm_flattery
conv_05280,neutral,neutral
conv_01850,neutral,neutral
conv_09591,charm_flattery,charm_flattery
conv_01524,charm_flattery,charm_flattery
conv_08013,neutral,neutral
conv_06274,love_bombing,love_bombing
conv_01181,guilt_tripping,guilt_tripping
conv_07675,direct_coercion,direct_coercion
conv_08216,gaslighting,gaslighting
conv_04634,passive_aggressive,passive_aggressive
conv_01836,gaslighting,gaslighting
conv_06997,guilt_tripping,guilt_tripping
conv_03825,passive_aggressive,passive_aggressive
conv_08776,guilt_tripping,guilt_tripping
conv_04024,gaslighting,gaslighting
conv_03119,passive_aggressive,passive_aggressive
conv_06319,charm_flattery,charm_flattery
conv_08749,love_bombing,love_bombing
conv_02087,guilt_tripping,guilt_tripping
conv_03405,gaslighting,gaslighting
conv_03386,direct_coercion,direct_coercion
conv_05904,neutral,neutral
conv_06980,charm_flattery,charm_flattery
conv_00613,guilt_tripping,guilt_tripping
conv_08921,direct_coercion,direct_coercion
conv_07170,guilt_tripping,guilt_tripping
conv_09335,charm_flattery,charm_flattery
conv_03030,love_bombing,love_bombing
conv_00394,neutral,neutral
conv_01790,direct_coercion,direct_coercion
conv_03852,love_bombing,love_bombing
conv_05130,passive_aggressive,passive_aggressive
conv_01483,neutral,neutral
conv_07654,guilt_tripping,guilt_tripping
conv_01938,charm_flattery,charm_flattery
conv_09472,direct_coercion,direct_coercion
conv_09832,love_bombing,love_bombing
conv_00193,charm_flattery,charm_flattery
conv_06933,passive_aggressive,passive_aggressive
conv_09489,love_bombing,love_bombing
conv_07632,neutral,neutral
conv_00345,love_bombing,love_bombing
conv_01624,love_bombing,love_bombing
conv_00000,guilt_tripping,guilt_tripping
conv_07091,gaslighting,gaslighting
conv_08523,direct_coercion,direct_coercion
conv_07802,passive_aggressive,passive_aggressive
conv_02749,love_bombing,love_bombing
conv_01113,love_bombing,love_bombing
conv_00957,neutral,neutral
conv_08231,passive_aggressive,passive_aggressive
conv_09842,passive_aggressive,passive_aggressive
conv_09014,charm_flattery,charm_flattery
conv_04574,love_bombing,love_bombing
conv_05539,love_bombing,love_bombing
conv_05176,guilt_tripping,guilt_tripping
conv_01473,gaslighting,gaslighting
conv_05996,guilt_tripping,guilt_tripping
conv_08063,love_bombing,love_bombing
conv_07140,guilt_tripping,guilt_tripping
conv_01596,charm_flattery,charm_flattery
conv_08830,neutral,neutral
conv_04342,passive_aggressive,passive_aggressive
conv_02878,neutral,neutral
conv_04372,direct_coercion,direct_coercion
conv_05275,guilt_tripping,guilt_tripping
conv_08967,direct_coercion,direct_coercion
conv_01781,gaslighting,gaslighting
conv_03711,love_bombing,love_bombing
conv_01757,neutral,neutral
conv_02019,love_bombing,love_bombing
conv_05820,gaslighting,gaslighting
conv_00306,love_bombing,love_bombing
conv_00059,passive_aggressive,passive_aggressive
conv_02939,love_bombing,love_bombing
conv_05785,neutral,neutral
conv_09278,charm_flattery,charm_flattery
conv_04272,gaslighting,gaslighting
conv_09030,direct_coercion,direct_coercion
conv_03402,direct_coercion,direct_coercion
conv_04670,charm_flattery,charm_flattery
conv_06052,direct_coercion,direct_coercion
conv_01147,passive_aggressive,passive_aggressive
conv_00907,direct_coercion,direct_coercion
conv_02797,love_bombing,love_bombing
conv_07032,neutral,neutral
conv_00763,love_bombing,love_bombing
conv_06172,love_bombing,love_bombing
conv_00423,charm_flattery,charm_flattery
conv_07469,guilt_tripping,guilt_tripping
conv_06047,passive_aggressive,passive_aggressive
conv_06208,guilt_tripping,guilt_tripping
conv_08670,guilt_tripping,guilt_tripping
conv_00018,guilt_tripping,guilt_tripping
conv_04551,neutral,neutral
conv_05906,guilt_tripping,guilt_tripping
conv_05361,gaslighting,gaslighting
conv_03758,direct_coercion,direct_coercion
conv_00797,charm_flattery,charm_flattery
conv_05060,neutral,neutral
conv_06331,charm_flattery,charm_flattery
conv_07079,gaslighting,gaslighting
conv_01183,direct_coercion,direct_coercion
conv_08764,neutral,neutral
conv_08618,charm_flattery,charm_flattery
conv_05260,direct_coercion,direct_coercion
conv_04668,neutral,neutral
conv_06333,passive_aggressive,passive_aggressive
conv_00413,charm_flattery,charm_flattery
conv_09281,neutral,neutral
conv_06708,guilt_tripping,guilt_tripping
conv_06849,love_bombing,love_bombing
conv_04247,gaslighting,gaslighting
conv_07131,passive_aggressive,passive_aggressive
conv_06700,direct_coercion,direct_coercion
conv_07603,charm_flattery,charm_flattery
conv_09047,guilt_tripping,guilt_tripping
conv_03506,gaslighting,gaslighting
conv_07973,charm_flattery,charm_flattery
conv_05891,gaslighting,gaslighting
conv_08923,charm_flattery,charm_flattery
conv_04664,passive_aggressive,passive_aggressive
conv_01241,direct_coercion,direct_coercion
conv_09521,direct_coercion,direct_coercion
conv_00471,gaslighting,gaslighting
conv_04712,love_bombing,love_bombing
conv_05067,neutral,neutral
conv_09468,love_bombing,love_bombing
conv_08603,passive_aggressive,passive_aggressive
conv_00658,love_bombing,love_bombing
conv_06390,neutral,neutral
conv_01706,direct_coercion,direct_coercion
conv_08768,charm_flattery,charm_flattery
conv_06062,neutral,neutral
conv_07767,charm_flattery,charm_flattery
conv_09195,love_bombing,love_bombing
conv_02748,passive_aggressive,passive_aggressive
conv_07024,charm_flattery,charm_flattery
conv_01118,love_bombing,love_bombing
conv_00442,direct_coercion,direct_coercion
conv_01811,gaslighting,gaslighting
conv_09156,direct_coercion,direct_coercion
conv_06412,guilt_tripping,guilt_tripping
conv_08046,charm_flattery,charm_flattery
conv_03422,love_bombing,love_bombing
conv_07640,gaslighting,gaslighting
conv_03227,charm_flattery,charm_flattery
conv_01725,neutral,neutral
conv_06081,charm_flattery,charm_flattery
conv_01351,neutral,neutral
conv_07398,charm_flattery,charm_flattery
conv_01512,gaslighting,gaslighting
conv_05210,neutral,neutral
conv_04640,direct_coercion,direct_coercion
conv_08517,passive_aggressive,passive_aggressive
conv_09230,direct_coercion,direct_coercion
conv_00531,guilt_tripping,guilt_tripping
conv_00187,direct_coercion,direct_coercion
conv_04257,love_bombing,love_bombing
conv_03671,love_bombing,love_bombing
conv_03654,gaslighting,gaslighting
conv_06763,direct_coercion,direct_coercion
conv_02336,guilt_tripping,guilt_tripping
conv_02117,direct_coercion,direct_coercion
conv_02486,charm_flattery,charm_flattery
conv_09526,passive_aggressive,passive_aggressive
conv_02150,love_bombing,love_bombing
conv_06905,guilt_tripping,guilt_tripping
conv_06758,passive_aggressive,passive_aggressive
conv_01105,gaslighting,gaslighting
conv_06392,charm_flattery,charm_flattery
conv_05244,gaslighting,gaslighting
conv_09779,charm_flattery,charm_flattery
conv_01734,neutral,neutral
conv_08841,guilt_tripping,guilt_tripping
conv_07295,guilt_tripping,guilt_tripping
conv_05619,guilt_tripping,guilt_tripping
conv_03305,neutral,neutral
conv_02604,charm_flattery,charm_flattery
conv_03032,gaslighting,gaslighting
conv_06317,neutral,neutral
conv_04321,guilt_tripping,guilt_tripping
conv_09373,guilt_tripping,guilt_tripping
conv_09751,love_bombing,love_bombing
conv_03493,gaslighting,gaslighting
conv_00830,direct_coercion,direct_coercion
conv_05347,neutral,neutral
conv_09321,love_bombing,love_bombing
conv_01638,neutral,neutral
conv_04589,gaslighting,gaslighting
conv_06036,guilt_tripping,guilt_tripping
conv_02709,neutral,neutral
conv_08524,passive_aggressive,passive_aggressive
conv_03640,neutral,neutral
conv_08817,love_bombing,love_bombing
conv_00004,guilt_tripping,guilt_tripping
conv_06257,guilt_tripping,guilt_tripping
conv_06491,gaslighting,gaslighting
conv_08311,charm_flattery,charm_flattery
conv_08526,guilt_tripping,guilt_tripping
conv_06767,neutral,neutral
conv_04597,neutral,neutral
conv_05079,direct_coercion,direct_coercion
conv_05757,charm_flattery,charm_flattery
conv_02093,passive_aggressive,passive_aggressive
conv_05629,neutral,neutral
conv_05406,direct_coercion,direct_coercion
conv_07251,guilt_tripping,guilt_tripping
conv_06801,direct_coercion,direct_coercion
conv_01522,direct_coercion,direct_coercion
conv_08947,gaslighting,gaslighting
conv_06138,love_bombing,love_bombing
conv_06182,guilt_tripping,guilt_tripping
conv_01273,passive_aggressive,passive_aggressive
conv_08251,direct_coercion,direct_coercion
conv_00507,neutral,neutral
conv_01743,neutral,neutral
conv_09374,love_bombing,love_bombing
conv_01237,gaslighting,gaslighting
conv_07876,love_bombing,love_bombing
conv_06203,love_bombing,love_bombing
conv_04558,neutral,neutral
conv_08745,gaslighting,gaslighting
conv_07837,gaslighting,gaslighting
conv_02157,gaslighting,gaslighting
conv_02178,passive_aggressive,passive_aggressive
conv_01323,gaslighting,gaslighting
conv_02401,charm_flattery,charm_flattery
conv_01816,neutral,neutral
conv_09394,direct_coercion,direct_coercion
conv_05047,neutral,neutral
conv_01163,gaslighting,gaslighting
conv_00792,charm_flattery,charm_flattery
conv_01030,passive_aggressive,passive_aggressive
conv_09638,love_bombing,love_bombing
conv_00608,passive_aggressive,passive_aggressive
conv_07098,neutral,neutral
conv_02327,direct_coercion,direct_coercion
conv_08625,love_bombing,love_bombing
conv_04335,charm_flattery,charm_flattery
conv_04927,neutral,neutral
conv_07006,neutral,neutral
conv_04718,guilt_tripping,guilt_tripping
conv_04437,guilt_tripping,guilt_tripping
conv_02791,neutral,neutral
conv_08165,charm_flattery,charm_flattery
conv_09824,guilt_tripping,guilt_tripping
conv_00666,gaslighting,gaslighting
conv_05460,neutral,neutral
conv_07004,charm_flattery,charm_flattery
conv_09599,love_bombing,love_bombing
conv_03575,charm_flattery,charm_flattery
conv_06521,gaslighting,gaslighting
conv_09086,direct_coercion,direct_coercion
conv_02667,direct_coercion,direct_coercion
conv_04830,passive_aggressive,passive_aggressive
conv_05912,gaslighting,gaslighting
conv_04660,guilt_tripping,guilt_tripping
conv_02859,passive_aggressive,passive_aggressive
conv_07549,gaslighting,gaslighting
conv_08451,love_bombing,love_bombing
conv_03472,charm_flattery,charm_flattery
conv_06589,charm_flattery,charm_flattery
conv_08328,charm_flattery,charm_flattery
conv_01776,neutral,neutral
conv_00680,gaslighting,gaslighting
conv_08171,neutral,neutral
conv_02034,neutral,neutral
conv_03440,direct_coercion,direct_coercion
conv_02729,guilt_tripping,guilt_tripping
conv_04706,guilt_tripping,guilt_tripping
conv_01071,guilt_tripping,guilt_tripping
conv_06611,passive_aggressive,passive_aggressive
conv_03717,neutral,neutral
conv_06350,passive_aggressive,passive_aggressive
conv_04180,direct_coercion,direct_coercion
conv_07329,gaslighting,gaslighting
conv_06988,charm_flattery,charm_flattery
conv_00923,love_bombing,love_bombing
conv_02397,charm_flattery,charm_flattery
conv_05242,guilt_tripping,guilt_tripping
conv_03325,charm_flattery,charm_flattery
conv_08960,guilt_tripping,guilt_tripping
conv_01720,charm_flattery,charm_flattery
conv_00241,guilt_tripping,guilt_tripping
conv_03647,passive_aggressive,passive_aggressive
conv_09902,love_bombing,love_bombing
conv_09229,love_bombing,love_bombing
conv_00441,charm_flattery,charm_flattery
conv_05532,gaslighting,gaslighting
conv_05222,direct_coercion,direct_coercion
conv_08400,gaslighting,gaslighting
conv_02116,gaslighting,gaslighting
conv_05385,passive_aggressive,passive_aggressive
conv_08651,gaslighting,gaslighting
conv_07427,guilt_tripping,guilt_tripping
conv_09010,gaslighting,gaslighting
conv_09504,gaslighting,gaslighting
conv_03255,guilt_tripping,guilt_tripping
conv_08582,direct_coercion,direct_coercion
conv_06688,neutral,neutral
conv_06211,direct_coercion,direct_coercion
conv_00454,direct_coercion,direct_coercion
conv_06453,gaslighting,gaslighting
conv_07907,charm_flattery,charm_flattery
conv_00497,passive_aggressive,passive_aggressive
conv_05817,gaslighting,gaslighting
conv_09696,guilt_tripping,guilt_tripping
conv_05966,gaslighting,gaslighting
conv_04369,gaslighting,gaslighting
conv_08476,passive_aggressive,passive_aggressive
conv_09800,gaslighting,gaslighting
conv_09957,passive_aggressive,passive_aggressive
conv_05144,direct_coercion,direct_coercion
conv_09777,charm_flattery,charm_flattery
conv_08304,passive_aggressive,passive_aggressive
conv_02564,passive_aggressive,passive_aggressive
conv_00516,passive_aggressive,passive_aggressive
conv_01432,passive_aggressive,passive_aggressive
conv_07553,love_bombing,love_bombing
conv_08791,gaslighting,gaslighting
conv_01485,passive_aggressive,passive_aggressive
conv_03244,guilt_tripping,guilt_tripping
conv_05680,neutral,neutral
conv_09869,passive_aggressive,passive_aggressive
conv_05665,direct_coercion,direct_coercion
conv_00727,guilt_tripping,guilt_tripping
conv_06827,gaslighting,gaslighting
conv_00105,charm_flattery,charm_flattery
conv_09826,neutral,neutral
conv_07037,love_bombing,love_bombing
conv_02781,neutral,neutral
conv_04751,gaslighting,gaslighting
conv_09262,guilt_tripping,guilt_tripping
conv_00910,direct_coercion,direct_coercion
conv_03719,passive_aggressive,passive_aggressive
conv_09892,guilt_tripping,guilt_tripping
conv_05916,passive_aggressive,passive_aggressive
conv_07803,passive_aggressive,passive_aggressive
conv_08811,direct_coercion,direct_coercion
conv_00848,passive_aggressive,passive_aggressive
conv_05723,gaslighting,gaslighting
conv_09359,gaslighting,gaslighting
conv_06431,gaslighting,gaslighting
conv_02929,guilt_tripping,guilt_tripping
conv_06777,love_bombing,love_bombing
conv_08148,guilt_tripping,guilt_tripping
conv_06102,passive_aggressive,passive_aggressive
conv_01793,neutral,neutral
conv_05657,neutral,neutral
conv_04326,passive_aggressive,passive_aggressive
conv_02129,gaslighting,gaslighting
conv_08373,direct_coercion,direct_coercion
conv_00001,charm_flattery,charm_flattery
conv_00718,guilt_tripping,guilt_tripping
conv_00484,direct_coercion,direct_coercion
conv_05124,gaslighting,gaslighting
conv_08324,love_bombing,love_bombing
conv_07946,neutral,neutral
conv_07850,neutral,neutral
conv_06862,gaslighting,gaslighting
conv_06699,guilt_tripping,guilt_tripping
conv_03870,gaslighting,gaslighting
conv_03303,direct_coercion,direct_coercion
conv_09094,passive_aggressive,passive_aggressive
conv_01602,neutral,neutral
conv_05316,neutral,neutral
conv_03397,gaslighting,gaslighting
conv_05026,charm_flattery,charm_flattery
conv_06344,charm_flattery,charm_flattery
conv_04203,neutral,neutral
conv_03148,charm_flattery,charm_flattery
conv_04646,direct_coercion,direct_coercion
conv_03551,gaslighting,gaslighting
conv_07703,love_bombing,love_bombing
conv_00138,passive_aggressive,passive_aggressive
conv_03073,gaslighting,gaslighting
conv_07485,direct_coercion,direct_coercion
conv_09603,passive_aggressive,passive_aggressive
conv_01924,charm_flattery,charm_flattery
conv_02122,neutral,neutral
conv_08175,guilt_tripping,guilt_tripping
conv_02644,neutral,neutral
conv_00060,passive_aggressive,passive_aggressive
conv_04590,direct_coercion,direct_coercion
conv_00171,direct_coercion,direct_coercion
conv_08514,gaslighting,gaslighting
conv_02280,guilt_tripping,guilt_tripping
conv_06795,guilt_tripping,guilt_tripping
conv_04679,neutral,neutral
conv_04475,neutral,neutral
conv_06666,passive_aggressive,passive_aggressive
conv_05551,passive_aggressive,passive_aggressive
conv_08301,gaslighting,gaslighting
conv_08461,charm_flattery,charm_flattery
conv_03174,passive_aggressive,passive_aggressive
conv_08935,direct_coercion,direct_coercion
conv_01944,charm_flattery,charm_flattery
conv_04741,love_bombing,love_bombing
conv_03702,love_bombing,love_bombing
conv_09256,guilt_tripping,guilt_tripping
conv_01206,neutral,neutral
conv_06813,neutral,neutral
conv_07503,direct_coercion,direct_coercion
conv_04163,guilt_tripping,guilt_tripping
conv_04986,love_bombing,love_bombing
conv_00986,neutral,neutral
conv_08936,passive_aggressive,passive_aggressive
conv_08512,love_bombing,love_bombing
conv_00202,love_bombing,love_bombing
conv_00262,neutral,neutral
conv_04666,direct_coercion,direct_coercion
conv_04111,neutral,neutral
conv_02997,neutral,neutral
conv_03225,neutral,neutral
conv_02575,charm_flattery,charm_flattery
conv_00931,charm_flattery,charm_flattery
conv_00513,guilt_tripping,guilt_tripping
conv_02359,passive_aggressive,passive_aggressive
conv_01378,direct_coercion,direct_coercion
conv_06076,charm_flattery,charm_flattery
conv_07579,love_bombing,love_bombing
conv_00370,passive_aggressive,passive_aggressive
conv_06805,guilt_tripping,guilt_tripping
conv_07995,charm_flattery,charm_flattery
conv_06860,passive_aggressive,passive_aggressive
conv_07508,neutral,neutral
conv_07248,guilt_tripping,guilt_tripping
conv_05505,guilt_tripping,guilt_tripping
conv_08409,neutral,neutral
conv_06499,neutral,neutral
conv_04705,neutral,neutral
conv_05761,guilt_tripping,guilt_tripping
conv_04081,charm_flattery,charm_flattery
conv_06747,direct_coercion,direct_coercion
conv_08362,direct_coercion,direct_coercion
conv_07840,gaslighting,gaslighting
conv_03088,charm_flattery,charm_flattery
conv_08973,gaslighting,gaslighting
conv_02250,charm_flattery,charm_flattery
conv_00713,guilt_tripping,guilt_tripping
conv_05748,guilt_tripping,guilt_tripping
conv_06253,love_bombing,love_bombing
conv_01011,gaslighting,gaslighting
conv_09837,gaslighting,gaslighting
conv_05620,guilt_tripping,guilt_tripping
conv_08624,gaslighting,gaslighting
conv_01761,direct_coercion,direct_coercion
conv_08403,charm_flattery,charm_flattery
conv_01588,guilt_tripping,guilt_tripping
conv_04843,passive_aggressive,passive_aggressive
conv_07352,love_bombing,love_bombing
conv_00981,passive_aggressive,passive_aggressive
conv_02160,passive_aggressive,passive_aggressive
conv_01383,neutral,neutral
conv_05336,neutral,neutral
conv_04944,guilt_tripping,guilt_tripping
conv_07502,direct_coercion,direct_coercion
conv_02570,charm_flattery,charm_flattery
conv_08502,guilt_tripping,guilt_tripping
conv_08488,direct_coercion,direct_coercion
conv_03948,charm_flattery,charm_flattery
conv_09866,direct_coercion,direct_coercion
conv_01699,love_bombing,love_bombing
conv_08252,direct_coercion,direct_coercion
conv_09894,charm_flattery,charm_flattery
conv_07845,charm_flattery,charm_flattery
conv_04963,passive_aggressive,passive_aggressive
conv_06445,neutral,neutral
conv_01821,neutral,neutral
conv_05581,guilt_tripping,guilt_tripping
conv_05690,guilt_tripping,guilt_tripping
conv_06493,neutral,neutral
conv_00922,passive_aggressive,passive_aggressive
conv_00385,charm_flattery,charm_flattery
conv_00987,guilt_tripping,guilt_tripping
conv_09664,passive_aggressive,passive_aggressive
conv_03920,charm_flattery,charm_flattery
conv_04104,passive_aggressive,passive_aggressive
conv_05234,direct_coercion,direct_coercion
conv_04469,love_bombing,love_bombing
conv_09438,direct_coercion,direct_coercion
conv_00327,love_bombing,love_bombing
conv_09188,guilt_tripping,guilt_tripping
conv_03457,love_bombing,love_bombing
conv_01045,love_bombing,love_bombing
conv_05965,direct_coercion,direct_coercion
conv_08652,neutral,neutral
conv_03911,love_bombing,love_bombing
conv_03881,passive_aggressive,passive_aggressive
conv_01523,guilt_tripping,guilt_tripping
conv_01333,neutral,neutral
conv_07994,gaslighting,gaslighting
conv_08428,guilt_tripping,guilt_tripping
conv_05059,gaslighting,gaslighting
conv_06347,neutral,neutral
conv_04837,love_bombing,love_bombing
conv_03284,charm_flattery,charm_flattery
conv_00863,neutral,neutral
conv_08151,gaslighting,gaslighting
conv_07270,charm_flattery,charm_flattery
conv_09656,passive_aggressive,passive_aggressive
conv_01695,passive_aggressive,passive_aggressive
conv_05973,love_bombing,love_bombing
conv_06847,neutral,neutral
conv_02521,neutral,neutral
conv_04579,love_bombing,love_bombing
conv_05729,neutral,neutral
conv_02141,gaslighting,gaslighting
conv_07595,neutral,neutral
conv_04717,guilt_tripping,guilt_tripping
conv_03423,guilt_tripping,guilt_tripping
conv_05393,charm_flattery,charm_flattery
conv_07130,guilt_tripping,guilt_tripping
conv_09186,passive_aggressive,passive_aggressive
conv_07626,love_bombing,love_bombing
conv_03382,gaslighting,gaslighting
conv_04480,guilt_tripping,guilt_tripping
conv_05929,charm_flattery,charm_flattery
conv_06578,love_bombing,love_bombing
conv_03355,passive_aggressive,passive_aggressive
conv_04324,gaslighting,gaslighting
conv_09065,passive_aggressive,passive_aggressive
conv_02856,guilt_tripping,guilt_tripping
conv_06452,direct_coercion,direct_coercion
conv_01774,neutral,neutral
conv_06658,neutral,neutral
conv_08961,passive_aggressive,passive_aggressive
conv_05877,passive_aggressive,passive_aggressive
conv_04981,gaslighting,gaslighting
conv_04754,passive_aggressive,passive_aggressive
conv_07435,guilt_tripping,guilt_tripping
conv_07081,direct_coercion,direct_coercion
conv_07303,direct_coercion,direct_coercion
conv_09177,guilt_tripping,guilt_tripping
conv_06091,charm_flattery,charm_flattery
conv_02485,direct_coercion,direct_coercion
conv_00305,passive_aggressive,passive_aggressive
conv_03709,passive_aggressive,passive_aggressive
conv_07583,passive_aggressive,passive_aggressive
conv_07596,guilt_tripping,guilt_tripping
conv_00464,gaslighting,gaslighting
conv_05095,gaslighting,gaslighting
conv_05546,direct_coercion,direct_coercion
conv_07914,passive_aggressive,passive_aggressive
conv_08308,love_bombing,love_bombing
conv_01835,neutral,neutral
conv_07570,charm_flattery,charm_flattery
conv_08226,love_bombing,love_bombing
conv_06485,passive_aggressive,passive_aggressive
conv_04632,neutral,neutral
conv_08427,neutral,neutral
conv_02419,direct_coercion,direct_coercion
conv_01737,guilt_tripping,guilt_tripping
conv_07864,neutral,neutral
conv_08398,gaslighting,gaslighting
conv_03742,passive_aggressive,passive_aggressive
conv_08654,direct_coercion,direct_coercion
conv_07190,neutral,neutral
conv_03439,neutral,neutral
conv_05422,passive_aggressive,passive_aggressive
conv_04305,guilt_tripping,guilt_tripping
conv_08387,direct_coercion,direct_coercion
conv_05458,love_bombing,love_bombing
conv_03081,gaslighting,gaslighting
conv_09918,gaslighting,gaslighting
conv_04724,charm_flattery,charm_flattery
conv_02360,passive_aggressive,passive_aggressive
conv_00708,guilt_tripping,guilt_tripping
conv_03802,direct_coercion,direct_coercion
conv_05895,love_bombing,love_bombing
conv_09715,direct_coercion,direct_coercion
conv_05386,gaslighting,gaslighting
conv_09530,charm_flattery,charm_flattery
conv_05425,guilt_tripping,guilt_tripping
conv_09527,passive_aggressive,passive_aggressive
conv_02261,love_bombing,love_bombing
conv_00530,charm_flattery,charm_flattery
conv_03376,neutral,neutral
conv_06792,passive_aggressive,passive_aggressive
conv_07764,passive_aggressive,passive_aggressive
conv_00284,neutral,neutral
conv_05857,neutral,neutral
conv_00303,gaslighting,gaslighting
conv_04919,guilt_tripping,guilt_tripping
conv_07353,guilt_tripping,guilt_tripping
conv_05229,charm_flattery,charm_flattery
conv_05797,direct_coercion,direct_coercion
conv_00307,direct_coercion,direct_coercion
conv_05037,neutral,neutral
conv_02751,gaslighting,gaslighting
conv_08431,passive_aggressive,passive_aggressive
conv_07887,love_bombing,love_bombing
conv_03879,guilt_tripping,guilt_tripping
conv_04749,passive_aggressive,passive_aggressive
conv_01568,guilt_tripping,guilt_tripping
conv_02387,gaslighting,gaslighting
conv_02312,guilt_tripping,guilt_tripping
conv_04338,neutral,neutral
conv_08964,charm_flattery,charm_flattery
conv_01043,guilt_tripping,guilt_tripping
conv_04359,charm_flattery,charm_flattery
conv_07143,love_bombing,love_bombing
conv_08579,neutral,neutral
conv_05561,charm_flattery,charm_flattery
conv_08041,gaslighting,gaslighting
conv_09755,love_bombing,love_bombing
conv_00973,love_bombing,love_bombing
conv_09445,love_bombing,love_bombing
conv_04974,charm_flattery,charm_flattery
conv_02574,love_bombing,love_bombing
conv_01088,guilt_tripping,guilt_tripping
conv_02512,direct_coercion,direct_coercion
conv_08441,gaslighting,gaslighting
conv_08275,charm_flattery,charm_flattery
conv_07106,love_bombing,love_bombing
conv_02540,neutral,neutral
conv_09883,charm_flattery,charm_flattery
conv_07354,charm_flattery,charm_flattery
conv_04295,charm_flattery,charm_flattery
conv_05664,direct_coercion,direct_coercion
conv_04299,love_bombing,love_bombing
conv_01354,charm_flattery,charm_flattery
conv_03313,direct_coercion,direct_coercion
conv_06723,charm_flattery,charm_flattery
conv_07291,neutral,neutral
conv_04773,passive_aggressive,passive_aggressive
conv_00337,gaslighting,gaslighting
conv_05884,direct_coercion,direct_coercion
conv_09023,love_bombing,love_bombing
conv_01634,gaslighting,gaslighting
conv_09723,gaslighting,gaslighting
conv_07471,love_bombing,love_bombing
conv_02412,passive_aggressive,passive_aggressive
conv_07945,passive_aggressive,passive_aggressive
conv_07618,neutral,neutral
conv_08849,direct_coercion,direct_coercion
conv_07849,guilt_tripping,guilt_tripping
conv_05795,passive_aggressive,passive_aggressive
conv_05424,neutral,neutral
conv_05670,charm_flattery,charm_flattery
conv_05921,passive_aggressive,passive_aggressive
conv_02510,guilt_tripping,guilt_tripping
conv_06147,neutral,neutral
conv_05705,gaslighting,gaslighting
conv_01998,love_bombing,love_bombing
conv_00362,gaslighting,gaslighting
conv_06087,direct_coercion,direct_coercion
conv_06597,gaslighting,gaslighting
conv_05053,neutral,neutral
conv_02812,gaslighting,gaslighting
conv_09197,neutral,neutral
conv_00391,passive_aggressive,passive_aggressive
conv_06389,direct_coercion,direct_coercion
conv_05459,gaslighting,gaslighting
conv_05418,love_bombing,love_bombing
conv_00841,charm_flattery,charm_flattery
conv_08883,gaslighting,gaslighting
conv_08529,gaslighting,gaslighting
conv_05319,passive_aggressive,passive_aggressive
conv_07313,neutral,neutral
conv_02836,neutral,neutral
conv_02304,love_bombing,love_bombing
conv_04765,direct_coercion,direct_coercion
conv_04948,gaslighting,gaslighting
conv_00085,guilt_tripping,guilt_tripping
conv_07582,direct_coercion,direct_coercion
conv_08412,neutral,neutral
conv_07918,love_bombing,love_bombing
conv_01557,gaslighting,gaslighting
conv_01067,direct_coercion,direct_coercion
conv_07859,gaslighting,gaslighting
conv_01046,charm_flattery,charm_flattery
conv_06112,direct_coercion,direct_coercion
conv_08259,direct_coercion,direct_coercion
conv_09320,passive_aggressive,passive_aggressive
conv_07244,charm_flattery,charm_flattery
conv_08132,guilt_tripping,guilt_tripping
conv_00298,neutral,neutral
conv_04150,gaslighting,gaslighting
conv_00624,guilt_tripping,guilt_tripping
conv_09407,charm_flattery,charm_flattery
conv_09290,gaslighting,gaslighting
conv_05595,gaslighting,gaslighting
conv_07778,neutral,neutral
conv_01328,charm_flattery,charm_flattery
conv_04905,neutral,neutral
conv_07554,love_bombing,love_bombing
conv_04398,love_bombing,love_bombing
conv_03778,gaslighting,gaslighting
conv_00705,guilt_tripping,guilt_tripping
conv_07529,direct_coercion,direct_coercion
conv_01544,charm_flattery,charm_flattery
conv_07407,neutral,neutral
conv_08024,guilt_tripping,guilt_tripping
conv_08383,direct_coercion,direct_coercion
conv_06360,guilt_tripping,guilt_tripping
conv_06759,charm_flattery,charm_flattery
conv_02705,love_bombing,love_bombing
conv_08446,neutral,neutral
conv_03508,charm_flattery,charm_flattery
conv_00594,direct_coercion,direct_coercion
conv_07906,charm_flattery,charm_flattery
conv_01203,charm_flattery,charm_flattery
conv_04970,neutral,neutral
conv_01405,direct_coercion,direct_coercion
conv_07165,charm_flattery,charm_flattery
conv_09213,neutral,neutral
conv_06855,direct_coercion,direct_coercion
conv_06617,love_bombing,love_bombing
conv_05451,love_bombing,love_bombing
conv_01015,guilt_tripping,guilt_tripping
conv_06655,neutral,neutral
conv_01220,direct_coercion,direct_coercion
conv_01151,neutral,neutral
conv_04595,passive_aggressive,passive_aggressive
conv_07475,passive_aggressive,passive_aggressive
conv_07294,guilt_tripping,guilt_tripping
conv_03762,charm_flattery,charm_flattery
conv_04240,direct_coercion,direct_coercion
conv_09464,guilt_tripping,guilt_tripping
conv_04887,love_bombing,love_bombing
conv_04367,guilt_tripping,guilt_tripping
conv_00084,direct_coercion,direct_coercion
conv_05519,love_bombing,love_bombing
conv_04734,passive_aggressive,passive_aggressive
conv_01601,love_bombing,love_bombing
conv_01771,love_bombing,love_bombing
conv_08486,love_bombing,love_bombing
conv_00637,love_bombing,love_bombing
conv_03798,guilt_tripping,guilt_tripping
conv_06210,passive_aggressive,passive_aggressive
conv_05263,gaslighting,gaslighting
conv_01590,love_bombing,love_bombing
conv_07975,charm_flattery,charm_flattery
conv_03004,gaslighting,gaslighting
conv_06193,gaslighting,gaslighting
conv_01508,passive_aggressive,passive_aggressive
conv_06149,guilt_tripping,guilt_tripping
conv_05126,passive_aggressive,passive_aggressive
conv_08521,guilt_tripping,guilt_tripping
conv_00353,direct_coercion,direct_coercion
conv_07623,charm_flattery,charm_flattery
conv_04557,love_bombing,love_bombing
conv_05050,love_bombing,love_bombing
conv_01018,passive_aggressive,passive_aggressive
conv_03545,direct_coercion,direct_coercion
conv_01070,direct_coercion,direct_coercion
conv_07012,direct_coercion,direct_coercion
conv_01462,guilt_tripping,guilt_tripping
conv_02537,charm_flattery,charm_flattery
conv_03210,guilt_tripping,guilt_tripping
conv_05516,neutral,neutral
conv_04815,charm_flattery,charm_flattery
conv_06310,guilt_tripping,guilt_tripping
conv_04161,gaslighting,gaslighting
conv_00498,gaslighting,gaslighting
conv_03729,neutral,neutral
conv_02829,passive_aggressive,passive_aggressive
conv_01535,charm_flattery,charm_flattery
conv_02920,passive_aggressive,passive_aggressive
conv_01937,direct_coercion,direct_coercion
conv_08043,guilt_tripping,guilt_tripping
conv_08105,guilt_tripping,guilt_tripping
conv_05261,gaslighting,gaslighting
conv_05831,love_bombing,love_bombing
conv_06662,passive_aggressive,passive_aggressive
conv_01255,guilt_tripping,guilt_tripping
conv_07980,direct_coercion,direct_coercion
conv_05237,charm_flattery,charm_flattery
conv_04313,love_bombing,love_bombing
conv_04647,gaslighting,gaslighting
conv_07049,guilt_tripping,guilt_tripping
conv_06476,passive_aggressive,passive_aggressive
conv_00700,guilt_tripping,guilt_tripping
conv_09916,gaslighting,gaslighting
conv_08821,gaslighting,gaslighting
conv_07997,passive_aggressive,passive_aggressive
conv_08856,charm_flattery,charm_flattery
conv_02830,direct_coercion,direct_coercion
conv_08445,direct_coercion,direct_coercion
conv_02097,neutral,neutral
conv_09773,gaslighting,gaslighting
conv_04951,love_bombing,love_bombing
conv_09718,neutral,neutral
conv_03751,love_bombing,love_bombing
conv_01027,love_bombing,love_bombing
conv_09782,love_bombing,love_bombing
conv_07199,neutral,neutral
conv_03390,neutral,neutral
conv_03696,gaslighting,gaslighting
conv_07219,neutral,neutral
conv_08310,direct_coercion,direct_coercion
conv_04256,gaslighting,gaslighting
conv_00882,charm_flattery,charm_flattery
conv_06963,passive_aggressive,passive_aggressive
conv_07928,guilt_tripping,guilt_tripping
conv_02990,direct_coercion,direct_coercion
conv_03040,direct_coercion,direct_coercion
conv_00228,direct_coercion,direct_coercion
conv_09349,neutral,neutral
conv_03481,direct_coercion,direct_coercion
conv_04610,passive_aggressive,passive_aggressive
conv_09117,neutral,neutral
conv_02624,charm_flattery,charm_flattery
conv_04790,love_bombing,love_bombing
conv_02398,neutral,neutral
conv_08439,gaslighting,gaslighting
conv_01735,guilt_tripping,guilt_tripping
conv_05640,gaslighting,gaslighting
conv_08361,charm_flattery,charm_flattery
conv_05324,guilt_tripping,guilt_tripping
conv_05545,charm_flattery,charm_flattery
conv_08623,direct_coercion,direct_coercion
conv_06451,neutral,neutral
conv_09194,gaslighting,gaslighting
conv_05590,love_bombing,love_bombing
conv_01772,direct_coercion,direct_coercion
conv_02879,guilt_tripping,guilt_tripping
conv_04187,charm_flattery,charm_flattery
conv_00010,guilt_tripping,guilt_tripping
conv_07401,direct_coercion,direct_coercion
conv_02213,direct_coercion,direct_coercion
conv_00889,passive_aggressive,passive_aggressive
conv_02581,neutral,neutral
conv_01792,passive_aggressive,passive_aggressive
conv_00980,gaslighting,gaslighting
conv_09307,passive_aggressive,passive_aggressive
conv_05139,neutral,neutral
conv_01768,love_bombing,love_bombing
conv_09428,charm_flattery,charm_flattery
conv_07423,gaslighting,gaslighting
conv_08914,love_bombing,love_bombing
conv_00919,charm_flattery,charm_flattery
conv_06244,passive_aggressive,passive_aggressive
conv_00883,direct_coercion,direct_coercion
conv_01009,love_bombing,love_bombing
conv_02119,direct_coercion,direct_coercion
conv_02620,passive_aggressive,passive_aggressive
conv_05683,guilt_tripping,guilt_tripping
conv_07718,direct_coercion,direct_coercion
conv_00622,guilt_tripping,guilt_tripping
conv_03224,love_bombing,love_bombing
conv_00663,charm_flattery,charm_flattery
conv_03143,guilt_tripping,guilt_tripping
conv_04337,charm_flattery,charm_flattery
conv_04954,charm_flattery,charm_flattery
conv_06522,neutral,neutral
conv_02801,gaslighting,gaslighting
conv_02552,direct_coercion,direct_coercion
conv_00343,passive_aggressive,passive_aggressive
conv_08197,passive_aggressive,passive_aggressive
conv_06817,passive_aggressive,passive_aggressive
conv_08622,love_bombing,love_bombing
conv_03276,guilt_tripping,guilt_tripping
conv_07877,love_bombing,love_bombing
conv_06873,guilt_tripping,guilt_tripping
conv_02810,passive_aggressive,passive_aggressive
conv_00676,passive_aggressive,passive_aggressive
conv_08922,neutral,neutral
conv_04232,direct_coercion,direct_coercion
conv_01119,passive_aggressive,passive_aggressive
conv_08210,neutral,neutral
conv_04117,direct_coercion,direct_coercion
conv_05841,gaslighting,gaslighting
conv_06600,guilt_tripping,guilt_tripping
conv_04942,guilt_tripping,guilt_tripping
conv_03118,guilt_tripping,guilt_tripping
conv_07628,gaslighting,gaslighting
conv_08285,guilt_tripping,guilt_tripping
conv_05250,guilt_tripping,guilt_tripping
conv_05650,love_bombing,love_bombing
conv_02691,love_bombing,love_bombing
conv_03312,passive_aggressive,passive_aggressive
conv_04856,love_bombing,love_bombing
conv_09512,neutral,neutral
conv_04935,gaslighting,gaslighting
conv_09536,guilt_tripping,guilt_tripping
conv_00340,love_bombing,love_bombing
conv_07647,direct_coercion,direct_coercion
conv_08971,passive_aggressive,passive_aggressive
conv_03349,passive_aggressive,passive_aggressive
conv_04968,charm_flattery,charm_flattery
conv_01877,charm_flattery,charm_flattery
conv_01819,charm_flattery,charm_flattery
conv_04628,neutral,neutral
conv_05864,gaslighting,gaslighting
conv_06318,love_bombing,love_bombing
conv_02138,neutral,neutral
conv_05291,love_bombing,love_bombing
conv_04386,guilt_tripping,guilt_tripping
conv_05350,charm_flattery,charm_flattery
conv_02362,gaslighting,gaslighting
conv_08676,gaslighting,gaslighting
conv_02456,charm_flattery,charm_flattery
conv_09102,love_bombing,love_bombing
conv_00554,direct_coercion,direct_coercion
conv_06739,passive_aggressive,passive_aggressive
conv_08679,gaslighting,gaslighting
conv_07346,passive_aggressive,passive_aggressive
conv_09285,guilt_tripping,guilt_tripping
conv_00932,passive_aggressive,passive_aggressive
conv_03774,charm_flattery,charm_flattery
conv_02633,direct_coercion,direct_coercion
conv_00813,passive_aggressive,passive_aggressive
conv_06865,charm_flattery,charm_flattery
conv_07428,love_bombing,love_bombing
conv_02847,love_bombing,love_bombing
conv_07008,charm_flattery,charm_flattery
conv_05951,love_bombing,love_bombing
conv_07348,love_bombing,love_bombing
conv_09387,gaslighting,gaslighting
conv_08982,neutral,neutral
conv_09759,guilt_tripping,guilt_tripping
conv_03368,love_bombing,love_bombing
conv_00755,gaslighting,gaslighting
conv_03924,passive_aggressive,passive_aggressive
conv_01983,love_bombing,love_bombing
conv_03272,neutral,neutral
conv_03068,neutral,neutral
conv_05933,passive_aggressive,passive_aggressive
conv_08653,gaslighting,gaslighting
conv_05134,charm_flattery,charm_flattery
conv_00917,neutral,neutral
conv_08966,charm_flattery,charm_flattery
conv_08118,guilt_tripping,guilt_tripping
conv_03000,neutral,neutral
conv_09835,direct_coercion,direct_coercion
conv_08437,guilt_tripping,guilt_tripping
conv_06591,passive_aggressive,passive_aggressive
conv_05786,guilt_tripping,guilt_tripping
conv_04048,direct_coercion,direct_coercion
conv_04648,charm_flattery,charm_flattery
conv_07033,charm_flattery,charm_flattery
conv_08500,passive_aggressive,passive_aggressive
conv_04273,passive_aggressive,passive_aggressive
conv_07164,charm_flattery,charm_flattery
conv_07832,charm_flattery,charm_flattery
conv_01450,gaslighting,gaslighting
conv_09978,neutral,neutral
conv_06669,charm_flattery,charm_flattery
conv_08874,direct_coercion,direct_coercion
conv_07970,direct_coercion,direct_coercion
conv_07659,gaslighting,gaslighting
conv_03897,neutral,neutral
conv_07729,charm_flattery,charm_flattery
conv_01437,gaslighting,gaslighting
conv_05038,direct_coercion,direct_coercion
conv_06487,gaslighting,gaslighting
conv_02048,direct_coercion,direct_coercion
conv_04414,direct_coercion,direct_coercion
conv_00967,direct_coercion,direct_coercion
conv_03385,neutral,neutral
conv_08924,neutral,neutral
conv_01038,gaslighting,gaslighting
conv_08694,charm_flattery,charm_flattery
conv_02059,charm_flattery,charm_flattery
conv_07347,neutral,neutral
conv_09049,direct_coercion,direct_coercion
conv_03200,guilt_tripping,guilt_tripping
conv_02694,gaslighting,gaslighting
conv_04845,gaslighting,gaslighting
conv_08377,gaslighting,gaslighting
conv_07342,passive_aggressive,passive_aggressive
conv_06936,direct_coercion,direct_coercion
conv_06554,guilt_tripping,guilt_tripping
conv_06098,direct_coercion,direct_coercion
conv_02718,passive_aggressive,passive_aggressive
conv_07765,love_bombing,love_bombing
conv_04776,gaslighting,gaslighting
conv_05531,direct_coercion,direct_coercion
conv_03856,charm_flattery,charm_flattery
conv_02159,direct_coercion,direct_coercion
conv_06887,charm_flattery,charm_flattery
conv_01331,guilt_tripping,guilt_tripping
conv_09325,direct_coercion,direct_coercion
conv_05032,passive_aggressive,passive_aggressive
conv_01327,neutral,neutral
conv_02276,gaslighting,gaslighting
conv_07465,guilt_tripping,guilt_tripping
conv_09460,guilt_tripping,guilt_tripping
conv_05380,love_bombing,love_bombing
conv_04008,love_bombing,love_bombing
conv_01028,direct_coercion,direct_coercion
conv_02483,neutral,neutral
conv_01510,direct_coercion,direct_coercion
conv_05774,gaslighting,gaslighting
conv_09020,neutral,neutral
conv_01040,gaslighting,gaslighting
conv_03266,gaslighting,gaslighting
conv_04034,direct_coercion,direct_coercion
conv_05083,direct_coercion,direct_coercion
conv_01322,charm_flattery,charm_flattery
conv_04433,direct_coercion,direct_coercion
conv_09433,charm_flattery,charm_flattery
conv_06877,guilt_tripping,guilt_tripping
conv_06925,neutral,neutral
conv_00499,guilt_tripping,guilt_tripping
conv_05524,charm_flattery,charm_flattery
conv_07390,charm_flattery,charm_flattery
conv_09488,charm_flattery,charm_flattery
conv_02591,love_bombing,love_bombing
conv_02839,neutral,neutral
conv_06079,charm_flattery,charm_flattery
conv_09314,gaslighting,gaslighting
conv_07524,neutral,neutral
conv_03592,charm_flattery,charm_flattery
conv_00561,direct_coercion,direct_coercion
conv_00920,love_bombing,love_bombing
conv_06900,passive_aggressive,passive_aggressive
conv_09371,direct_coercion,direct_coercion
conv_00273,love_bombing,love_bombing
conv_05111,gaslighting,gaslighting
conv_02722,direct_coercion,direct_coercion
conv_04745,neutral,neutral
conv_05694,guilt_tripping,guilt_tripping
conv_01859,neutral,neutral
conv_03062,direct_coercion,direct_coercion
conv_02727,neutral,neutral
conv_07255,neutral,neutral
conv_09327,direct_coercion,direct_coercion
conv_08384,gaslighting,gaslighting
conv_03254,gaslighting,gaslighting
conv_03338,guilt_tripping,guilt_tripping
conv_00715,guilt_tripping,guilt_tripping
conv_03505,direct_coercion,direct_coercion
conv_05673,love_bombing,love_bombing
conv_03530,love_bombing,love_bombing
conv_05164,direct_coercion,direct_coercion
conv_02374,neutral,neutral
conv_08305,passive_aggressive,passive_aggressive
conv_02653,neutral,neutral
conv_04316,direct_coercion,direct_coercion
conv_03316,charm_flattery,charm_flattery
conv_05269,neutral,neutral
conv_00529,direct_coercion,direct_coercion
conv_00054,passive_aggressive,passive_aggressive
conv_07531,passive_aggressive,passive_aggressive
conv_01751,gaslighting,gaslighting
conv_06613,guilt_tripping,guilt_tripping
conv_04865,charm_flattery,charm_flattery
conv_06679,gaslighting,gaslighting
conv_06069,gaslighting,gaslighting
conv_07905,gaslighting,gaslighting
conv_06562,direct_coercion,direct_coercion
conv_03067,neutral,neutral
conv_07189,neutral,neutral
conv_09550,direct_coercion,direct_coercion
conv_03666,guilt_tripping,guilt_tripping
conv_01406,love_bombing,love_bombing
conv_09911,guilt_tripping,guilt_tripping
conv_08109,love_bombing,love_bombing
conv_05566,direct_coercion,direct_coercion
conv_07855,direct_coercion,direct_coercion
conv_02212,neutral,neutral
conv_05208,love_bombing,love_bombing
conv_00157,direct_coercion,direct_coercion
conv_01708,gaslighting,gaslighting
conv_07066,direct_coercion,direct_coercion
conv_01246,charm_flattery,charm_flattery
conv_00130,neutral,neutral
conv_02740,direct_coercion,direct_coercion
conv_05591,passive_aggressive,passive_aggressive
conv_00559,passive_aggressive,passive_aggressive
conv_02151,guilt_tripping,guilt_tripping
conv_09850,neutral,neutral
conv_02609,guilt_tripping,guilt_tripping
conv_04041,passive_aggressive,passive_aggressive
conv_02769,direct_coercion,direct_coercion
conv_09686,gaslighting,gaslighting
conv_09595,direct_coercion,direct_coercion
conv_02517,charm_flattery,charm_flattery
conv_02528,neutral,neutral
conv_07677,gaslighting,gaslighting
conv_06566,gaslighting,gaslighting
conv_08808,love_bombing,love_bombing
conv_08611,guilt_tripping,guilt_tripping
conv_05482,neutral,neutral
conv_00524,gaslighting,gaslighting
conv_04573,guilt_tripping,guilt_tripping
conv_06492,charm_flattery,charm_flattery
conv_07223,charm_flattery,charm_flattery
conv_06561,guilt_tripping,guilt_tripping
conv_07249,guilt_tripping,guilt_tripping
conv_00145,charm_flattery,charm_flattery
conv_01587,neutral,neutral
conv_02818,direct_coercion,direct_coercion
conv_08073,love_bombing,love_bombing
conv_05994,passive_aggressive,passive_aggressive
conv_03471,love_bombing,love_bombing
conv_00038,guilt_tripping,guilt_tripping
conv_09729,guilt_tripping,guilt_tripping
conv_05692,neutral,neutral
conv_06414,passive_aggressive,passive_aggressive
conv_08270,neutral,neutral
conv_02702,love_bombing,love_bombing
conv_08664,direct_coercion,direct_coercion
conv_08074,charm_flattery,charm_flattery
conv_08472,direct_coercion,direct_coercion
conv_01528,direct_coercion,direct_coercion
conv_00615,neutral,neutral
conv_09031,love_bombing,love_bombing
conv_09503,gaslighting,gaslighting
conv_06299,neutral,neutral
conv_04431,passive_aggressive,passive_aggressive
conv_03995,direct_coercion,direct_coercion
conv_03416,neutral,neutral
conv_00579,gaslighting,gaslighting
conv_09791,neutral,neutral
conv_00483,love_bombing,love_bombing
conv_00935,neutral,neutral
conv_09878,neutral,neutral
conv_03511,charm_flattery,charm_flattery
conv_02662,neutral,neutral
conv_08225,guilt_tripping,guilt_tripping
conv_09235,direct_coercion,direct_coercion
conv_03395,neutral,neutral
conv_08340,neutral,neutral
conv_01415,charm_flattery,charm_flattery
conv_05896,direct_coercion,direct_coercion
conv_00459,gaslighting,gaslighting
conv_07828,gaslighting,gaslighting
conv_00871,neutral,neutral
conv_07464,love_bombing,love_bombing
conv_09786,guilt_tripping,guilt_tripping
conv_04613,neutral,neutral
conv_08355,direct_coercion,direct_coercion
conv_08743,passive_aggressive,passive_aggressive
conv_07982,charm_flattery,charm_flattery
conv_09135,passive_aggressive,passive_aggressive
conv_08237,guilt_tripping,guilt_tripping
conv_00667,love_bombing,love_bombing
conv_04419,love_bombing,love_bombing
conv_03142,gaslighting,gaslighting
conv_01748,guilt_tripping,guilt_tripping
conv_00625,gaslighting,gaslighting
conv_08162,charm_flattery,charm_flattery
conv_04947,passive_aggressive,passive_aggressive
conv_06240,direct_coercion,direct_coercion
conv_07265,love_bombing,love_bombing
conv_06256,gaslighting,gaslighting
conv_03459,passive_aggressive,passive_aggressive
conv_04886,gaslighting,gaslighting
conv_02501,neutral,neutral
conv_03807,love_bombing,love_bombing
conv_09865,love_bombing,love_bombing
conv_08023,love_bombing,love_bombing
conv_06570,charm_flattery,charm_flattery
conv_00446,passive_aggressive,passive_aggressive
conv_03988,passive_aggressive,passive_aggressive
conv_05779,love_bombing,love_bombing
conv_05796,guilt_tripping,guilt_tripping
conv_05232,love_bombing,love_bombing
conv_03901,passive_aggressive,passive_aggressive
conv_06853,passive_aggressive,passive_aggressive
conv_08064,gaslighting,gaslighting
conv_04498,guilt_tripping,guilt_tripping
conv_03536,neutral,neutral
conv_06984,guilt_tripping,guilt_tripping
conv_03256,charm_flattery,charm_flattery
conv_03619,passive_aggressive,passive_aggressive
conv_01867,love_bombing,love_bombing
conv_08249,love_bombing,love_bombing
conv_01062,neutral,neutral
conv_03566,guilt_tripping,guilt_tripping
conv_04611,neutral,neutral
conv_06674,love_bombing,love_bombing
conv_03905,charm_flattery,charm_flattery
conv_02357,charm_flattery,charm_flattery
conv_09795,guilt_tripping,guilt_tripping
conv_01036,love_bombing,love_bombing
conv_01646,neutral,neutral
conv_03912,love_bombing,love_bombing
conv_02208,charm_flattery,charm_flattery
conv_09558,guilt_tripping,guilt_tripping
conv_08576,passive_aggressive,passive_aggressive
conv_06132,neutral,neutral
conv_03243,charm_flattery,charm_flattery
conv_04086,neutral,neutral
conv_03993,neutral,neutral
conv_02846,charm_flattery,charm_flattery
conv_00897,guilt_tripping,guilt_tripping
conv_00953,charm_flattery,charm_flattery
conv_03279,gaslighting,gaslighting
conv_07674,passive_aggressive,passive_aggressive
conv_01274,gaslighting,gaslighting
conv_02426,charm_flattery,charm_flattery
conv_04023,gaslighting,gaslighting
conv_04084,neutral,neutral
conv_09764,love_bombing,love_bombing
conv_00133,passive_aggressive,passive_aggressive
conv_00455,charm_flattery,charm_flattery
conv_00031,charm_flattery,charm_flattery
conv_05212,charm_flattery,charm_flattery
conv_02267,neutral,neutral
conv_03927,love_bombing,love_bombing
conv_08021,passive_aggressive,passive_aggressive
conv_06486,neutral,neutral
conv_08644,charm_flattery,charm_flattery
conv_00664,love_bombing,love_bombing
conv_01417,passive_aggressive,passive_aggressive
conv_04812,neutral,neutral
conv_09581,passive_aggressive,passive_aggressive
conv_02155,guilt_tripping,guilt_tripping
conv_02892,charm_flattery,charm_flattery
conv_07925,guilt_tripping,guilt_tripping
conv_07259,love_bombing,love_bombing
conv_07551,charm_flattery,charm_flattery
conv_08257,charm_flattery,charm_flattery
conv_06804,passive_aggressive,passive_aggressive
conv_04686,guilt_tripping,guilt_tripping
conv_04341,guilt_tripping,guilt_tripping
conv_01962,passive_aggressive,passive_aggressive
conv_02127,neutral,neutral
conv_08787,love_bombing,love_bombing
conv_08299,direct_coercion,direct_coercion
conv_09940,guilt_tripping,guilt_tripping
conv_00702,guilt_tripping,guilt_tripping
conv_03621,charm_flattery,charm_flattery
conv_04728,neutral,neutral
conv_06834,charm_flattery,charm_flattery
conv_04168,passive_aggressive,passive_aggressive
conv_07062,love_bombing,love_bombing
conv_04016,charm_flattery,charm_flattery
conv_06341,gaslighting,gaslighting
conv_05290,charm_flattery,charm_flattery
conv_06768,passive_aggressive,passive_aggressive
conv_05341,neutral,neutral
conv_01738,neutral,neutral
conv_03876,gaslighting,gaslighting
conv_02461,passive_aggressive,passive_aggressive
conv_02135,charm_flattery,charm_flattery
conv_07372,direct_coercion,direct_coercion
conv_02665,gaslighting,gaslighting
conv_02007,direct_coercion,direct_coercion
conv_01874,gaslighting,gaslighting
conv_08238,passive_aggressive,passive_aggressive
conv_09352,love_bombing,love_bombing
conv_06609,charm_flattery,charm_flattery
conv_09077,direct_coercion,direct_coercion
conv_08178,guilt_tripping,guilt_tripping
conv_02861,gaslighting,gaslighting
conv_00278,direct_coercion,direct_coercion
conv_02911,love_bombing,love_bombing
conv_01705,passive_aggressive,passive_aggressive
conv_02608,neutral,neutral
conv_04027,charm_flattery,charm_flattery
conv_09038,charm_flattery,charm_flattery
conv_03562,passive_aggressive,passive_aggressive
conv_09880,charm_flattery,charm_flattery
conv_02876,direct_coercion,direct_coercion
conv_09226,direct_coercion,direct_coercion
conv_00404,passive_aggressive,passive_aggressive
conv_08493,charm_flattery,charm_flattery
conv_01690,love_bombing,love_bombing
conv_07951,charm_flattery,charm_flattery
conv_07296,love_bombing,love_bombing
conv_08338,love_bombing,love_bombing
conv_09015,neutral,neutral
conv_09814,guilt_tripping,guilt_tripping
conv_03680,neutral,neutral
conv_08551,passive_aggressive,passive_aggressive
conv_01701,direct_coercion,direct_coercion
conv_03520,love_bombing,love_bombing
conv_04192,direct_coercion,direct_coercion
conv_08891,guilt_tripping,guilt_tripping
conv_01234,passive_aggressive,passive_aggressive
conv_08049,guilt_tripping,guilt_tripping
conv_05676,guilt_tripping,guilt_tripping
conv_03626,passive_aggressive,passive_aggressive
conv_06441,neutral,neutral
conv_04229,guilt_tripping,guilt_tripping
conv_07616,charm_flattery,charm_flattery
conv_00393,direct_coercion,direct_coercion
conv_03096,guilt_tripping,guilt_tripping
conv_06793,direct_coercion,direct_coercion
conv_06287,neutral,neutral
conv_05553,charm_flattery,charm_flattery
conv_04908,direct_coercion,direct_coercion
conv_04075,neutral,neutral
conv_05962,charm_flattery,charm_flattery
conv_07604,gaslighting,gaslighting
conv_02290,direct_coercion,direct_coercion
conv_09214,guilt_tripping,guilt_tripping
conv_03787,charm_flattery,charm_flattery
conv_05836,neutral,neutral
conv_05197,guilt_tripping,guilt_tripping
conv_01639,guilt_tripping,guilt_tripping
conv_02322,gaslighting,gaslighting
conv_09691,love_bombing,love_bombing
conv_05427,guilt_tripping,guilt_tripping
conv_05101,charm_flattery,charm_flattery
conv_05907,love_bombing,love_bombing
conv_09690,passive_aggressive,passive_aggressive
conv_07964,guilt_tripping,guilt_tripping
conv_08150,direct_coercion,direct_coercion
conv_05941,love_bombing,love_bombing
conv_09598,love_bombing,love_bombing
conv_01898,charm_flattery,charm_flattery
conv_04900,gaslighting,gaslighting
conv_04643,charm_flattery,charm_flattery
conv_00475,direct_coercion,direct_coercion
conv_03042,direct_coercion,direct_coercion
conv_05854,passive_aggressive,passive_aggressive
conv_05947,neutral,neutral
conv_05666,love_bombing,love_bombing
conv_07373,neutral,neutral
conv_02218,neutral,neutral
conv_09370,love_bombing,love_bombing
conv_03291,gaslighting,gaslighting
conv_09357,charm_flattery,charm_flattery
conv_00312,direct_coercion,direct_coercion
conv_05179,direct_coercion,direct_coercion
conv_02260,love_bombing,love_bombing
conv_00121,charm_flattery,charm_flattery
conv_00995,charm_flattery,charm_flattery
conv_08968,gaslighting,gaslighting
conv_01694,direct_coercion,direct_coercion
conv_06077,guilt_tripping,guilt_tripping
conv_02177,guilt_tripping,guilt_tripping
conv_01194,guilt_tripping,guilt_tripping
conv_00734,guilt_tripping,guilt_tripping
conv_07108,gaslighting,gaslighting
conv_08273,neutral,neutral
conv_00239,gaslighting,gaslighting
conv_09629,neutral,neutral
conv_05938,charm_flattery,charm_flattery
conv_04973,guilt_tripping,guilt_tripping
conv_01247,love_bombing,love_bombing
conv_04340,gaslighting,gaslighting
conv_04179,passive_aggressive,passive_aggressive
conv_04318,gaslighting,gaslighting
conv_08639,charm_flattery,charm_flattery
conv_03818,guilt_tripping,guilt_tripping
conv_03933,guilt_tripping,guilt_tripping
conv_05371,charm_flattery,charm_flattery
conv_06742,love_bombing,love_bombing
conv_00593,neutral,neutral
conv_09879,charm_flattery,charm_flattery
conv_02533,love_bombing,love_bombing
conv_08987,charm_flattery,charm_flattery
conv_04940,love_bombing,love_bombing
conv_04676,gaslighting,gaslighting
conv_01122,neutral,neutral
conv_00583,guilt_tripping,guilt_tripping
conv_01227,gaslighting,gaslighting
conv_05410,direct_coercion,direct_coercion
conv_02928,neutral,neutral
conv_01855,love_bombing,love_bombing
conv_02149,gaslighting,gaslighting
conv_06455,love_bombing,love_bombing
conv_04726,charm_flattery,charm_flattery
conv_00668,direct_coercion,direct_coercion
conv_09605,gaslighting,gaslighting
conv_09695,passive_aggressive,passive_aggressive
conv_00510,guilt_tripping,guilt_tripping
conv_06821,direct_coercion,direct_coercion
conv_09170,passive_aggressive,passive_aggressive
conv_00140,gaslighting,gaslighting
conv_03578,guilt_tripping,guilt_tripping
conv_03435,direct_coercion,direct_coercion
conv_05913,neutral,neutral
conv_08870,love_bombing,love_bombing
conv_08684,love_bombing,love_bombing
conv_05129,gaslighting,gaslighting
conv_01651,passive_aggressive,passive_aggressive
conv_06120,charm_flattery,charm_flattery
conv_04979,neutral,neutral
conv_07678,charm_flattery,charm_flattery
conv_02854,guilt_tripping,guilt_tripping
conv_08149,guilt_tripping,guilt_tripping
conv_00509,gaslighting,gaslighting
conv_07183,neutral,neutral
conv_07417,direct_coercion,direct_coercion
conv_08497,guilt_tripping,guilt_tripping
conv_05932,love_bombing,love_bombing
conv_07429,neutral,neutral
conv_07766,neutral,neutral
conv_00108,charm_flattery,charm_flattery
conv_07473,charm_flattery,charm_flattery
conv_02549,gaslighting,gaslighting
conv_00798,neutral,neutral
conv_05398,love_bombing,love_bombing
conv_04764,guilt_tripping,guilt_tripping
conv_00626,passive_aggressive,passive_aggressive
conv_03542,neutral,neutral
conv_02877,passive_aggressive,passive_aggressive
conv_04625,direct_coercion,direct_coercion
conv_04183,neutral,neutral
conv_01961,gaslighting,gaslighting
conv_05571,passive_aggressive,passive_aggressive
conv_02764,passive_aggressive,passive_aggressive
conv_02674,direct_coercion,direct_coercion
conv_00194,passive_aggressive,passive_aggressive
conv_09938,charm_flattery,charm_flattery
conv_08344,gaslighting,gaslighting
conv_01303,charm_flattery,charm_flattery
conv_08056,charm_flattery,charm_flattery
conv_05387,passive_aggressive,passive_aggressive
conv_00880,gaslighting,gaslighting
conv_08006,passive_aggressive,passive_aggressive
conv_05282,direct_coercion,direct_coercion
conv_02460,charm_flattery,charm_flattery
conv_02880,guilt_tripping,guilt_tripping
conv_06539,passive_aggressive,passive_aggressive
conv_08530,neutral,neutral
conv_02013,guilt_tripping,guilt_tripping
conv_01967,love_bombing,love_bombing
conv_01160,neutral,neutral
conv_07151,neutral,neutral
conv_01823,passive_aggressive,passive_aggressive
conv_02947,charm_flattery,charm_flattery
conv_09857,passive_aggressive,passive_aggressive
conv_09858,love_bombing,love_bombing
conv_09586,guilt_tripping,guilt_tripping
conv_06448,direct_coercion,direct_coercion
conv_03687,guilt_tripping,guilt_tripping
conv_08930,passive_aggressive,passive_aggressive
conv_02152,charm_flattery,charm_flattery
conv_07096,guilt_tripping,guilt_tripping
conv_08703,neutral,neutral
conv_07225,passive_aggressive,passive_aggressive
conv_09228,gaslighting,gaslighting
conv_06293,charm_flattery,charm_flattery
conv_03342,direct_coercion,direct_coercion
conv_09297,neutral,neutral
conv_08405,direct_coercion,direct_coercion
conv_08339,charm_flattery,charm_flattery
conv_07206,charm_flattery,charm_flattery
conv_09828,love_bombing,love_bombing
conv_00994,charm_flattery,charm_flattery
conv_01574,passive_aggressive,passive_aggressive
conv_02424,charm_flattery,charm_flattery
conv_07507,love_bombing,love_bombing
conv_04066,neutral,neutral
conv_04842,gaslighting,gaslighting
conv_03023,guilt_tripping,guilt_tripping
conv_06807,love_bombing,love_bombing
conv_03240,guilt_tripping,guilt_tripping
conv_05593,love_bombing,love_bombing
conv_06104,passive_aggressive,passive_aggressive
conv_03108,charm_flattery,charm_flattery
conv_09506,guilt_tripping,guilt_tripping
conv_08614,love_bombing,love_bombing
conv_05271,charm_flattery,charm_flattery
conv_05008,neutral,neutral
conv_03458,neutral,neutral
conv_08271,love_bombing,love_bombing
conv_04720,direct_coercion,direct_coercion
conv_01454,gaslighting,gaslighting
conv_03232,love_bombing,love_bombing
conv_08829,guilt_tripping,guilt_tripping
conv_09091,neutral,neutral
conv_04570,love_bombing,love_bombing
conv_02593,passive_aggressive,passive_aggressive
conv_03127,charm_flattery,charm_flattery
conv_03160,direct_coercion,direct_coercion
conv_01996,gaslighting,gaslighting
conv_02935,guilt_tripping,guilt_tripping
conv_00857,passive_aggressive,passive_aggressive
conv_01347,gaslighting,gaslighting
conv_07575,gaslighting,gaslighting
conv_09747,direct_coercion,direct_coercion
conv_07320,love_bombing,love_bombing
conv_07936,direct_coercion,direct_coercion
conv_05409,love_bombing,love_bombing
conv_06368,passive_aggressive,passive_aggressive
conv_08296,passive_aggressive,passive_aggressive
conv_00350,love_bombing,love_bombing
conv_05186,passive_aggressive,passive_aggressive
conv_01223,guilt_tripping,guilt_tripping
conv_09713,guilt_tripping,guilt_tripping
conv_08686,charm_flattery,charm_flattery
conv_07754,guilt_tripping,guilt_tripping
conv_03780,charm_flattery,charm_flattery
conv_02770,guilt_tripping,guilt_tripping
conv_04704,guilt_tripping,guilt_tripping
conv_04727,love_bombing,love_bombing
conv_08010,gaslighting,gaslighting
conv_01182,love_bombing,love_bombing
conv_02043,love_bombing,love_bombing
conv_07552,direct_coercion,direct_coercion
conv_08396,guilt_tripping,guilt_tripping
conv_06330,love_bombing,love_bombing
conv_05975,direct_coercion,direct_coercion
conv_02464,love_bombing,love_bombing
conv_08281,charm_flattery,charm_flattery
conv_01186,neutral,neutral
conv_05000,love_bombing,love_bombing
conv_07536,gaslighting,gaslighting
conv_04007,guilt_tripping,guilt_tripping
conv_01907,charm_flattery,charm_flattery
conv_07705,passive_aggressive,passive_aggressive
conv_02835,love_bombing,love_bombing
conv_06016,neutral,neutral
conv_00747,guilt_tripping,guilt_tripping
conv_09822,guilt_tripping,guilt_tripping
conv_01732,gaslighting,gaslighting
conv_08016,passive_aggressive,passive_aggressive
conv_01306,direct_coercion,direct_coercion
conv_00392,gaslighting,gaslighting
conv_04530,passive_aggressive,passive_aggressive
conv_04265,passive_aggressive,passive_aggressive
conv_02063,guilt_tripping,guilt_tripping
conv_04541,neutral,neutral
conv_06388,guilt_tripping,guilt_tripping
conv_06399,love_bombing,love_bombing
conv_05958,gaslighting,gaslighting
conv_05621,direct_coercion,direct_coercion
conv_08294,direct_coercion,direct_coercion
conv_01134,neutral,neutral
conv_04202,gaslighting,gaslighting
conv_05567,guilt_tripping,guilt_tripping
conv_08592,gaslighting,gaslighting
conv_08410,gaslighting,gaslighting
conv_07195,neutral,neutral
conv_05278,passive_aggressive,passive_aggressive
conv_06495,gaslighting,gaslighting
conv_02623,neutral,neutral
conv_02334,passive_aggressive,passive_aggressive
conv_01293,direct_coercion,direct_coercion
conv_04993,gaslighting,gaslighting
conv_01936,direct_coercion,direct_coercion
conv_07912,direct_coercion,direct_coercion
conv_06266,guilt_tripping,guilt_tripping
conv_01121,passive_aggressive,passive_aggressive
conv_03561,love_bombing,love_bombing
conv_09622,love_bombing,love_bombing
conv_04903,guilt_tripping,guilt_tripping
conv_08487,charm_flattery,charm_flattery
conv_05236,passive_aggressive,passive_aggressive
conv_08974,guilt_tripping,guilt_tripping
conv_04588,gaslighting,gaslighting
conv_02270,neutral,neutral
conv_01188,gaslighting,gaslighting
conv_06583,love_bombing,love_bombing
conv_08943,charm_flattery,charm_flattery
conv_03952,neutral,neutral
conv_09769,guilt_tripping,guilt_tripping
conv_07040,neutral,neutral
conv_00796,love_bombing,love_bombing
conv_09048,passive_aggressive,passive_aggressive
conv_06870,guilt_tripping,guilt_tripping
conv_03178,direct_coercion,direct_coercion
conv_07157,guilt_tripping,guilt_tripping
conv_05594,direct_coercion,direct_coercion
conv_02981,passive_aggressive,passive_aggressive
conv_06818,gaslighting,gaslighting
conv_06294,love_bombing,love_bombing
conv_07897,neutral,neutral
conv_08587,gaslighting,gaslighting
conv_03181,guilt_tripping,guilt_tripping
conv_01387,neutral,neutral
conv_07235,passive_aggressive,passive_aggressive
conv_02458,passive_aggressive,passive_aggressive
conv_06643,love_bombing,love_bombing
conv_01914,neutral,neutral
conv_03618,direct_coercion,direct_coercion
conv_06309,neutral,neutral
conv_05435,neutral,neutral
conv_08474,love_bombing,love_bombing
conv_05457,guilt_tripping,guilt_tripping
conv_02108,guilt_tripping,guilt_tripping
conv_09347,charm_flattery,charm_flattery
conv_00469,passive_aggressive,passive_aggressive
conv_03398,guilt_tripping,guilt_tripping
conv_07221,gaslighting,gaslighting
conv_04128,neutral,neutral
conv_01317,neutral,neutral
conv_02244,direct_coercion,direct_coercion
conv_08912,gaslighting,gaslighting
conv_09932,charm_flattery,charm_flattery
conv_04185,guilt_tripping,guilt_tripping
conv_08765,charm_flattery,charm_flattery
conv_02329,gaslighting,gaslighting
conv_09064,direct_coercion,direct_coercion
conv_02287,neutral,neutral
conv_02569,direct_coercion,direct_coercion
conv_00452,love_bombing,love_bombing
conv_02207,love_bombing,love_bombing
conv_06383,passive_aggressive,passive_aggressive
conv_03605,charm_flattery,charm_flattery
conv_09322,guilt_tripping,guilt_tripping
conv_06404,neutral,neutral
conv_03674,guilt_tripping,guilt_tripping
conv_00687,guilt_tripping,guilt_tripping
conv_07494,love_bombing,love_bombing
conv_09427,passive_aggressive,passive_aggressive
conv_02277,gaslighting,gaslighting
conv_03705,direct_coercion,direct_coercion
conv_05365,charm_flattery,charm_flattery
conv_05448,neutral,neutral
conv_03310,neutral,neutral
conv_03710,gaslighting,gaslighting
conv_08949,passive_aggressive,passive_aggressive
conv_00440,love_bombing,love_bombing
conv_00426,direct_coercion,direct_coercion
conv_05502,gaslighting,gaslighting
conv_04403,gaslighting,gaslighting
conv_04160,charm_flattery,charm_flattery
conv_05372,charm_flattery,charm_flattery
conv_05987,charm_flattery,charm_flattery
conv_06234,charm_flattery,charm_flattery
conv_03833,love_bombing,love_bombing
conv_07287,guilt_tripping,guilt_tripping
conv_05441,guilt_tripping,guilt_tripping
conv_04108,guilt_tripping,guilt_tripping
conv_00107,direct_coercion,direct_coercion
conv_01492,charm_flattery,charm_flattery
conv_08778,love_bombing,love_bombing
conv_00617,direct_coercion,direct_coercion
conv_05753,guilt_tripping,guilt_tripping
conv_07890,love_bombing,love_bombing
conv_02647,guilt_tripping,guilt_tripping
conv_02958,gaslighting,gaslighting
conv_02976,passive_aggressive,passive_aggressive
conv_06783,gaslighting,gaslighting
conv_02576,gaslighting,gaslighting
conv_08845,neutral,neutral
conv_07713,neutral,neutral
conv_01794,direct_coercion,direct_coercion
conv_09184,gaslighting,gaslighting
conv_04390,direct_coercion,direct_coercion
conv_01190,love_bombing,love_bombing
conv_07080,neutral,neutral
conv_05508,passive_aggressive,passive_aggressive
conv_08540,charm_flattery,charm_flattery
conv_07383,direct_coercion,direct_coercion
conv_09620,passive_aggressive,passive_aggressive
conv_03260,direct_coercion,direct_coercion
conv_01443,gaslighting,gaslighting
conv_04502,love_bombing,love_bombing
conv_03415,passive_aggressive,passive_aggressive
conv_02224,love_bombing,love_bombing
conv_01822,passive_aggressive,passive_aggressive
conv_02714,charm_flattery,charm_flattery
conv_03029,neutral,neutral
conv_08264,love_bombing,love_bombing
conv_01902,guilt_tripping,guilt_tripping
conv_03721,charm_flattery,charm_flattery
conv_02475,gaslighting,gaslighting
conv_01180,gaslighting,gaslighting
conv_05558,guilt_tripping,guilt_tripping
conv_05979,gaslighting,gaslighting
conv_08222,gaslighting,gaslighting
conv_04019,direct_coercion,direct_coercion
conv_06714,charm_flattery,charm_flattery
conv_04949,love_bombing,love_bombing
conv_06778,love_bombing,love_bombing
conv_06585,passive_aggressive,passive_aggressive
conv_05370,passive_aggressive,passive_aggressive
conv_01844,neutral,neutral
conv_02349,charm_flattery,charm_flattery
conv_04561,neutral,neutral
conv_00620,gaslighting,gaslighting
conv_02050,neutral,neutral
conv_06725,gaslighting,gaslighting
conv_04464,neutral,neutral
conv_06957,direct_coercion,direct_coercion
conv_04473,direct_coercion,direct_coercion
conv_01367,love_bombing,love_bombing
conv_00236,guilt_tripping,guilt_tripping
conv_02142,neutral,neutral
conv_04934,gaslighting,gaslighting
conv_09518,guilt_tripping,guilt_tripping
conv_08710,charm_flattery,charm_flattery
conv_04116,gaslighting,gaslighting
conv_01445,love_bombing,love_bombing
conv_00466,neutral,neutral
conv_05648,direct_coercion,direct_coercion
conv_08414,charm_flattery,charm_flattery
conv_05612,direct_coercion,direct_coercion
conv_00825,direct_coercion,direct_coercion
conv_00560,charm_flattery,charm_flattery
conv_03788,gaslighting,gaslighting
conv_02102,gaslighting,gaslighting
conv_05470,gaslighting,gaslighting
conv_00316,gaslighting,gaslighting
conv_09995,guilt_tripping,guilt_tripping
conv_08068,gaslighting,gaslighting
conv_03206,charm_flattery,charm_flattery
conv_07818,gaslighting,gaslighting
conv_03937,love_bombing,love_bombing
conv_01643,charm_flattery,charm_flattery
conv_03169,neutral,neutral
conv_06856,gaslighting,gaslighting
conv_09601,guilt_tripping,guilt_tripping
conv_01637,passive_aggressive,passive_aggressive
conv_01231,charm_flattery,charm_flattery
conv_06420,passive_aggressive,passive_aggressive
conv_07577,direct_coercion,direct_coercion
conv_08984,guilt_tripping,guilt_tripping
conv_09864,direct_coercion,direct_coercion
conv_02613,charm_flattery,charm_flattery
conv_03086,guilt_tripping,guilt_tripping
conv_02288,passive_aggressive,passive_aggressive
conv_04753,charm_flattery,charm_flattery
conv_00941,charm_flattery,charm_flattery
conv_01285,gaslighting,gaslighting
conv_01398,neutral,neutral
conv_00122,direct_coercion,direct_coercion
conv_00978,guilt_tripping,guilt_tripping
conv_00575,gaslighting,gaslighting
conv_08121,guilt_tripping,guilt_tripping
conv_04909,passive_aggressive,passive_aggressive
conv_00803,passive_aggressive,passive_aggressive
conv_04358,neutral,neutral
conv_06355,gaslighting,gaslighting
conv_05070,guilt_tripping,guilt_tripping
conv_02902,love_bombing,love_bombing
conv_04685,guilt_tripping,guilt_tripping
conv_06665,neutral,neutral
conv_04791,charm_flattery,charm_flattery
conv_04097,neutral,neutral
conv_09573,passive_aggressive,passive_aggressive
conv_03117,charm_flattery,charm_flattery
conv_05750,guilt_tripping,guilt_tripping
conv_05345,direct_coercion,direct_coercion
conv_08589,direct_coercion,direct_coercion
conv_05165,direct_coercion,direct_coercion
conv_00504,charm_flattery,charm_flattery
conv_03987,guilt_tripping,guilt_tripping
conv_07810,direct_coercion,direct_coercion
conv_09675,gaslighting,gaslighting
conv_06532,charm_flattery,charm_flattery
conv_02217,guilt_tripping,guilt_tripping
conv_00047,passive_aggressive,passive_aggressive
conv_06738,direct_coercion,direct_coercion
conv_07807,direct_coercion,direct_coercion
conv_07146,love_bombing,love_bombing
conv_07086,gaslighting,gaslighting
conv_07327,neutral,neutral
conv_03620,charm_flattery,charm_flattery
conv_05547,love_bombing,love_bombing
conv_04731,guilt_tripping,guilt_tripping
conv_08103,passive_aggressive,passive_aggressive
conv_04490,guilt_tripping,guilt_tripping
conv_02089,gaslighting,gaslighting
conv_04898,gaslighting,gaslighting
conv_01912,love_bombing,love_bombing
conv_07437,guilt_tripping,guilt_tripping
conv_06536,guilt_tripping,guilt_tripping
conv_00025,charm_flattery,charm_flattery
conv_09781,love_bombing,love_bombing
conv_04539,guilt_tripping,guilt_tripping
conv_00033,love_bombing,love_bombing
conv_04757,charm_flattery,charm_flattery
conv_03054,guilt_tripping,guilt_tripping
conv_00665,passive_aggressive,passive_aggressive
conv_00571,passive_aggressive,passive_aggressive
conv_01469,neutral,neutral
conv_02655,love_bombing,love_bombing
conv_03658,love_bombing,love_bombing
conv_07070,passive_aggressive,passive_aggressive
conv_02823,charm_flattery,charm_flattery
conv_05021,love_bombing,love_bombing
conv_04713,neutral,neutral
conv_06324,charm_flattery,charm_flattery
conv_00261,gaslighting,gaslighting
conv_07112,guilt_tripping,guilt_tripping
conv_09075,direct_coercion,direct_coercion
conv_09537,love_bombing,love_bombing
conv_00600,direct_coercion,direct_coercion
conv_03940,neutral,neutral
conv_03643,passive_aggressive,passive_aggressive
conv_06464,gaslighting,gaslighting
conv_04882,guilt_tripping,guilt_tripping
conv_00866,passive_aggressive,passive_aggressive
conv_05255,passive_aggressive,passive_aggressive
conv_03928,gaslighting,gaslighting
conv_01506,passive_aggressive,passive_aggressive
conv_00523,charm_flattery,charm_flattery
conv_05869,gaslighting,gaslighting
conv_09199,guilt_tripping,guilt_tripping
conv_09444,guilt_tripping,guilt_tripping
conv_00511,neutral,neutral
conv_00201,charm_flattery,charm_flattery
conv_05544,neutral,neutral
conv_03311,direct_coercion,direct_coercion
conv_06559,gaslighting,gaslighting
conv_04826,gaslighting,gaslighting
conv_02682,guilt_tripping,guilt_tripping
conv_02820,love_bombing,love_bombing
conv_04447,neutral,neutral
conv_02868,neutral,neutral
conv_08065,passive_aggressive,passive_aggressive
conv_04875,guilt_tripping,guilt_tripping
conv_08420,love_bombing,love_bombing
conv_07710,direct_coercion,direct_coercion
conv_06808,gaslighting,gaslighting
conv_02548,gaslighting,gaslighting
conv_01513,passive_aggressive,passive_aggressive
conv_03441,passive_aggressive,passive_aggressive
conv_00900,passive_aggressive,passive_aggressive
conv_06273,charm_flattery,charm_flattery
conv_04366,neutral,neutral
conv_06218,charm_flattery,charm_flattery
conv_04629,gaslighting,gaslighting
conv_06387,charm_flattery,charm_flattery
conv_02627,passive_aggressive,passive_aggressive
conv_08386,guilt_tripping,guilt_tripping
conv_05889,direct_coercion,direct_coercion
conv_05934,passive_aggressive,passive_aggressive
conv_07477,guilt_tripping,guilt_tripping
conv_07601,neutral,neutral
conv_09131,passive_aggressive,passive_aggressive
conv_01409,neutral,neutral
conv_02305,gaslighting,gaslighting
conv_08726,neutral,neutral
conv_03874,charm_flattery,charm_flattery
conv_06654,guilt_tripping,guilt_tripping
conv_00341,passive_aggressive,passive_aggressive
conv_00822,passive_aggressive,passive_aggressive
conv_00850,gaslighting,gaslighting
conv_06528,passive_aggressive,passive_aggressive
conv_08459,neutral,neutral
conv_00313,charm_flattery,charm_flattery
conv_08347,passive_aggressive,passive_aggressive
conv_06543,love_bombing,love_bombing
conv_02467,charm_flattery,charm_flattery
conv_09461,direct_coercion,direct_coercion
conv_09523,neutral,neutral
conv_06986,gaslighting,gaslighting
conv_03525,direct_coercion,direct_coercion
conv_06369,passive_aggressive,passive_aggressive
conv_09659,love_bombing,love_bombing
conv_04591,direct_coercion,direct_coercion
conv_02014,direct_coercion,direct_coercion
conv_08747,charm_flattery,charm_flattery
conv_00963,direct_coercion,direct_coercion
conv_03319,guilt_tripping,guilt_tripping
conv_08229,neutral,neutral
conv_02942,passive_aggressive,passive_aggressive
conv_01810,direct_coercion,direct_coercion
conv_05639,love_bombing,love_bombing
conv_04429,passive_aggressive,passive_aggressive
conv_06335,neutral,neutral
conv_08079,neutral,neutral
conv_07971,passive_aggressive,passive_aggressive
conv_05732,neutral,neutral
conv_03801,charm_flattery,charm_flattery
conv_04596,charm_flattery,charm_flattery
conv_00116,charm_flattery,charm_flattery
conv_03011,love_bombing,love_bombing
conv_04331,passive_aggressive,passive_aggressive
conv_02814,neutral,neutral
conv_07560,neutral,neutral
conv_01154,direct_coercion,direct_coercion
conv_09041,passive_aggressive,passive_aggressive
conv_04750,love_bombing,love_bombing
conv_03089,gaslighting,gaslighting
conv_09036,direct_coercion,direct_coercion
conv_04327,guilt_tripping,guilt_tripping
conv_06127,love_bombing,love_bombing
conv_03965,charm_flattery,charm_flattery
conv_01216,passive_aggressive,passive_aggressive
conv_02236,love_bombing,love_bombing
conv_04456,guilt_tripping,guilt_tripping
conv_01680,charm_flattery,charm_flattery
conv_07497,gaslighting,gaslighting
conv_02417,gaslighting,gaslighting
conv_07935,love_bombing,love_bombing
conv_03521,direct_coercion,direct_coercion
conv_00304,passive_aggressive,passive_aggressive
conv_01731,love_bombing,love_bombing
conv_06228,guilt_tripping,guilt_tripping
conv_05535,passive_aggressive,passive_aggressive
conv_03177,gaslighting,gaslighting
conv_06223,passive_aggressive,passive_aggressive
conv_03691,guilt_tripping,guilt_tripping
conv_08138,guilt_tripping,guilt_tripping
conv_08884,gaslighting,gaslighting
conv_07102,direct_coercion,direct_coercion
conv_09872,love_bombing,love_bombing
conv_03175,neutral,neutral
conv_08133,passive_aggressive,passive_aggressive
conv_09583,passive_aggressive,passive_aggressive
conv_05985,gaslighting,gaslighting
conv_07283,gaslighting,gaslighting
conv_01360,charm_flattery,charm_flattery
conv_08185,neutral,neutral
conv_03406,neutral,neutral
conv_00137,neutral,neutral
conv_00839,neutral,neutral
conv_01325,guilt_tripping,guilt_tripping
conv_00050,passive_aggressive,passive_aggressive
conv_09982,neutral,neutral
conv_04555,gaslighting,gaslighting
conv_02318,guilt_tripping,guilt_tripping
conv_06549,direct_coercion,direct_coercion
conv_06915,love_bombing,love_bombing
conv_05556,neutral,neutral
conv_05862,love_bombing,love_bombing
conv_07022,passive_aggressive,passive_aggressive
conv_09037,love_bombing,love_bombing
conv_09490,gaslighting,gaslighting
conv_07777,love_bombing,love_bombing
conv_07665,passive_aggressive,passive_aggressive
conv_05320,gaslighting,gaslighting
conv_05172,love_bombing,love_bombing
conv_03663,neutral,neutral
conv_00669,neutral,neutral
conv_00846,passive_aggressive,passive_aggressive
conv_08601,direct_coercion,direct_coercion
conv_09095,love_bombing,love_bombing
conv_05120,direct_coercion,direct_coercion
conv_04126,neutral,neutral
conv_07752,gaslighting,gaslighting
conv_01571,direct_coercion,direct_coercion
conv_08246,direct_coercion,direct_coercion
conv_09789,neutral,neutral
conv_09890,direct_coercion,direct_coercion
conv_00009,neutral,neutral
conv_06712,passive_aggressive,passive_aggressive
conv_06790,charm_flattery,charm_flattery
conv_02708,passive_aggressive,passive_aggressive
conv_06090,direct_coercion,direct_coercion
conv_00488,guilt_tripping,guilt_tripping
conv_09329,passive_aggressive,passive_aggressive
conv_01254,direct_coercion,direct_coercion
conv_02725,love_bombing,love_bombing
conv_06668,guilt_tripping,guilt_tripping
conv_01014,neutral,neutral
conv_08375,passive_aggressive,passive_aggressive
conv_05837,charm_flattery,charm_flattery
conv_03348,direct_coercion,direct_coercion
conv_07900,direct_coercion,direct_coercion
conv_04771,direct_coercion,direct_coercion
conv_05555,gaslighting,gaslighting
conv_05671,guilt_tripping,guilt_tripping
conv_08335,direct_coercion,direct_coercion
conv_02961,neutral,neutral
conv_01202,direct_coercion,direct_coercion
conv_04582,direct_coercion,direct_coercion
conv_09342,direct_coercion,direct_coercion
conv_02953,guilt_tripping,guilt_tripping
conv_09412,love_bombing,love_bombing
conv_01649,neutral,neutral
conv_09318,guilt_tripping,guilt_tripping
conv_01733,neutral,neutral
conv_07622,love_bombing,love_bombing
conv_04153,neutral,neutral
conv_09514,gaslighting,gaslighting
conv_04376,love_bombing,love_bombing
conv_01977,neutral,neutral
conv_00627,love_bombing,love_bombing
conv_07056,guilt_tripping,guilt_tripping
conv_07218,guilt_tripping,guilt_tripping
conv_00948,charm_flattery,charm_flattery
conv_00876,passive_aggressive,passive_aggressive
conv_04768,neutral,neutral
conv_07942,direct_coercion,direct_coercion
conv_00217,guilt_tripping,guilt_tripping
conv_06242,direct_coercion,direct_coercion
conv_02062,love_bombing,love_bombing
conv_01239,neutral,neutral
conv_04068,direct_coercion,direct_coercion
conv_06010,passive_aggressive,passive_aggressive
conv_00444,direct_coercion,direct_coercion
conv_09210,direct_coercion,direct_coercion
conv_03192,guilt_tripping,guilt_tripping
conv_05057,direct_coercion,direct_coercion
conv_07167,direct_coercion,direct_coercion
conv_03418,guilt_tripping,guilt_tripping
conv_02377,passive_aggressive,passive_aggressive
conv_07227,neutral,neutral
conv_07351,gaslighting,gaslighting
conv_00112,neutral,neutral
conv_01675,love_bombing,love_bombing
conv_00365,passive_aggressive,passive_aggressive
conv_04484,direct_coercion,direct_coercion
conv_04931,passive_aggressive,passive_aggressive
conv_09930,passive_aggressive,passive_aggressive
conv_02094,guilt_tripping,guilt_tripping
conv_03337,love_bombing,love_bombing
conv_07948,charm_flattery,charm_flattery
conv_09056,neutral,neutral
conv_07521,passive_aggressive,passive_aggressive
conv_08599,direct_coercion,direct_coercion
conv_09771,passive_aggressive,passive_aggressive
conv_04300,gaslighting,gaslighting
conv_00943,neutral,neutral
conv_04987,direct_coercion,direct_coercion
conv_09050,charm_flattery,charm_flattery
conv_02325,neutral,neutral
conv_08104,charm_flattery,charm_flattery
conv_02482,neutral,neutral
conv_05574,direct_coercion,direct_coercion
conv_06262,gaslighting,gaslighting
conv_03048,guilt_tripping,guilt_tripping
conv_05308,guilt_tripping,guilt_tripping
conv_09650,direct_coercion,direct_coercion
conv_06103,gaslighting,gaslighting
conv_09590,passive_aggressive,passive_aggressive
conv_05700,charm_flattery,charm_flattery
conv_03400,passive_aggressive,passive_aggressive
conv_02010,direct_coercion,direct_coercion
conv_04194,direct_coercion,direct_coercion
conv_03524,charm_flattery,charm_flattery
conv_09971,love_bombing,love_bombing
conv_07652,passive_aggressive,passive_aggressive
conv_09270,guilt_tripping,guilt_tripping
conv_04028,passive_aggressive,passive_aggressive
conv_02901,love_bombing,love_bombing
conv_01644,passive_aggressive,passive_aggressive
conv_05679,passive_aggressive,passive_aggressive
conv_01061,charm_flattery,charm_flattery
conv_09482,neutral,neutral
conv_04131,direct_coercion,direct_coercion
conv_00462,neutral,neutral
conv_00821,neutral,neutral
conv_07425,passive_aggressive,passive_aggressive
conv_08882,passive_aggressive,passive_aggressive
conv_01253,gaslighting,gaslighting
conv_00333,charm_flattery,charm_flattery
conv_02391,love_bombing,love_bombing
conv_00344,gaslighting,gaslighting
conv_04696,love_bombing,love_bombing
conv_06734,charm_flattery,charm_flattery
conv_02083,direct_coercion,direct_coercion
conv_07228,passive_aggressive,passive_aggressive
conv_00707,neutral,neutral
conv_00966,passive_aggressive,passive_aggressive
conv_06213,love_bombing,love_bombing
conv_01607,neutral,neutral
conv_04846,neutral,neutral
conv_08269,direct_coercion,direct_coercion
conv_08047,direct_coercion,direct_coercion
conv_04649,passive_aggressive,passive_aggressive
conv_01171,gaslighting,gaslighting
conv_05153,direct_coercion,direct_coercion
conv_05199,neutral,neutral
conv_08207,gaslighting,gaslighting
conv_01666,neutral,neutral
conv_04424,guilt_tripping,guilt_tripping
conv_09286,charm_flattery,charm_flattery
conv_04214,charm_flattery,charm_flattery
conv_07662,love_bombing,love_bombing
conv_00348,gaslighting,gaslighting
conv_04922,neutral,neutral
conv_01091,gaslighting,gaslighting
conv_06042,direct_coercion,direct_coercion
conv_04602,love_bombing,love_bombing
conv_07602,passive_aggressive,passive_aggressive
conv_09963,love_bombing,love_bombing
conv_07168,charm_flattery,charm_flattery
conv_05633,gaslighting,gaslighting
conv_04866,charm_flattery,charm_flattery
conv_00429,love_bombing,love_bombing
conv_02687,gaslighting,gaslighting
conv_00447,charm_flattery,charm_flattery
conv_03474,gaslighting,gaslighting
conv_01366,gaslighting,gaslighting
conv_01501,passive_aggressive,passive_aggressive
conv_09172,gaslighting,gaslighting
conv_09929,gaslighting,gaslighting
conv_08317,charm_flattery,charm_flattery
conv_01847,guilt_tripping,guilt_tripping
conv_02884,love_bombing,love_bombing
conv_01885,direct_coercion,direct_coercion
conv_00725,love_bombing,love_bombing
conv_09852,love_bombing,love_bombing
conv_06684,neutral,neutral
conv_05698,neutral,neutral
conv_05707,guilt_tripping,guilt_tripping
conv_08388,neutral,neutral
conv_03683,love_bombing,love_bombing
conv_04873,direct_coercion,direct_coercion
conv_01259,direct_coercion,direct_coercion
conv_05188,gaslighting,gaslighting
conv_02872,guilt_tripping,guilt_tripping
conv_07798,love_bombing,love_bombing
conv_04825,passive_aggressive,passive_aggressive
conv_06376,direct_coercion,direct_coercion
conv_05780,guilt_tripping,guilt_tripping
conv_07830,neutral,neutral
conv_08359,charm_flattery,charm_flattery
conv_02554,love_bombing,love_bombing
conv_09584,passive_aggressive,passive_aggressive
conv_08588,gaslighting,gaslighting
conv_05081,gaslighting,gaslighting
conv_08366,passive_aggressive,passive_aggressive
conv_03549,gaslighting,gaslighting
conv_05955,neutral,neutral
conv_07036,direct_coercion,direct_coercion
conv_06118,gaslighting,gaslighting
conv_04396,love_bombing,love_bombing
conv_05160,gaslighting,gaslighting
conv_02726,passive_aggressive,passive_aggressive
conv_01966,neutral,neutral
conv_09423,neutral,neutral
conv_08565,gaslighting,gaslighting
conv_01941,guilt_tripping,guilt_tripping
conv_01516,neutral,neutral
conv_01570,passive_aggressive,passive_aggressive
conv_08506,direct_coercion,direct_coercion
conv_07288,direct_coercion,direct_coercion
conv_07009,charm_flattery,charm_flattery
conv_00384,gaslighting,gaslighting
conv_06841,love_bombing,love_bombing
conv_00075,guilt_tripping,guilt_tripping
conv_01447,direct_coercion,direct_coercion
conv_03157,direct_coercion,direct_coercion
conv_07768,passive_aggressive,passive_aggressive
conv_00703,gaslighting,gaslighting
conv_02819,direct_coercion,direct_coercion
conv_08447,gaslighting,gaslighting
conv_01334,love_bombing,love_bombing
conv_08533,love_bombing,love_bombing
conv_01392,charm_flattery,charm_flattery
conv_01488,guilt_tripping,guilt_tripping
conv_07325,gaslighting,gaslighting
conv_02044,charm_flattery,charm_flattery
conv_06575,passive_aggressive,passive_aggressive
conv_02158,passive_aggressive,passive_aggressive
conv_05352,neutral,neutral
conv_07257,passive_aggressive,passive_aggressive
conv_06372,passive_aggressive,passive_aggressive
conv_09606,charm_flattery,charm_flattery
conv_05247,charm_flattery,charm_flattery
conv_01681,passive_aggressive,passive_aggressive
conv_04957,love_bombing,love_bombing
conv_09187,passive_aggressive,passive_aggressive
conv_06569,neutral,neutral
conv_02263,gaslighting,gaslighting
conv_02534,love_bombing,love_bombing
conv_04096,charm_flattery,charm_flattery
conv_06596,charm_flattery,charm_flattery
conv_04276,neutral,neutral
conv_07516,gaslighting,gaslighting
conv_08365,passive_aggressive,passive_aggressive
conv_04508,gaslighting,gaslighting
conv_03981,gaslighting,gaslighting
conv_05173,guilt_tripping,guilt_tripping
conv_04489,love_bombing,love_bombing
conv_03351,direct_coercion,direct_coercion
conv_06015,love_bombing,love_bombing
conv_03018,passive_aggressive,passive_aggressive
conv_02602,gaslighting,gaslighting
conv_07059,direct_coercion,direct_coercion
conv_07730,guilt_tripping,guilt_tripping
conv_02779,guilt_tripping,guilt_tripping
conv_03026,direct_coercion,direct_coercion
conv_08277,love_bombing,love_bombing
conv_05312,gaslighting,gaslighting
conv_03101,gaslighting,gaslighting
conv_09661,neutral,neutral
conv_02539,gaslighting,gaslighting
conv_04121,neutral,neutral
conv_01167,direct_coercion,direct_coercion
conv_06063,passive_aggressive,passive_aggressive
conv_05688,passive_aggressive,passive_aggressive
conv_02825,charm_flattery,charm_flattery
conv_05390,passive_aggressive,passive_aggressive
conv_03941,direct_coercion,direct_coercion
conv_08120,charm_flattery,charm_flattery
conv_01746,neutral,neutral
conv_01393,neutral,neutral
conv_08688,direct_coercion,direct_coercion
conv_04226,guilt_tripping,guilt_tripping
conv_04571,guilt_tripping,guilt_tripping
conv_08680,passive_aggressive,passive_aggressive
conv_08852,passive_aggressive,passive_aggressive
conv_05554,guilt_tripping,guilt_tripping
conv_02041,gaslighting,gaslighting
conv_08202,neutral,neutral
conv_07334,neutral,neutral
conv_08863,charm_flattery,charm_flattery
conv_05477,neutral,neutral
conv_05625,charm_flattery,charm_flattery
conv_07991,neutral,neutral
conv_03239,direct_coercion,direct_coercion
conv_07484,direct_coercion,direct_coercion
conv_00999,gaslighting,gaslighting
conv_02369,gaslighting,gaslighting
conv_04674,guilt_tripping,guilt_tripping
conv_01838,love_bombing,love_bombing
conv_08364,love_bombing,love_bombing
conv_07466,love_bombing,love_bombing
conv_08477,love_bombing,love_bombing
conv_06298,passive_aggressive,passive_aggressive
conv_01540,gaslighting,gaslighting
conv_01860,guilt_tripping,guilt_tripping
conv_05788,direct_coercion,direct_coercion
conv_01272,charm_flattery,charm_flattery
conv_07253,love_bombing,love_bombing
conv_02948,guilt_tripping,guilt_tripping
conv_09085,love_bombing,love_bombing
conv_05496,guilt_tripping,guilt_tripping
conv_02463,passive_aggressive,passive_aggressive
conv_00156,direct_coercion,direct_coercion
conv_00420,love_bombing,love_bombing
conv_06542,gaslighting,gaslighting
conv_06409,love_bombing,love_bombing
conv_04260,neutral,neutral
conv_02557,passive_aggressive,passive_aggressive
conv_06513,direct_coercion,direct_coercion
conv_09986,love_bombing,love_bombing
conv_06833,passive_aggressive,passive_aggressive
conv_05607,direct_coercion,direct_coercion
conv_00697,direct_coercion,direct_coercion
conv_01233,guilt_tripping,guilt_tripping
conv_02666,love_bombing,love_bombing
conv_09772,charm_flattery,charm_flattery
conv_00788,gaslighting,gaslighting
conv_05663,guilt_tripping,guilt_tripping
conv_01714,guilt_tripping,guilt_tripping
conv_01894,love_bombing,love_bombing
conv_00070,direct_coercion,direct_coercion
conv_01545,neutral,neutral
conv_01222,gaslighting,gaslighting
conv_09893,charm_flattery,charm_flattery
conv_07919,neutral,neutral
conv_03651,love_bombing,love_bombing
conv_02565,passive_aggressive,passive_aggressive
conv_07343,guilt_tripping,guilt_tripping
conv_07760,guilt_tripping,guilt_tripping
conv_01033,gaslighting,gaslighting
conv_04127,passive_aggressive,passive_aggressive
conv_07467,gaslighting,gaslighting
conv_05970,neutral,neutral
conv_07965,neutral,neutral
conv_07367,love_bombing,love_bombing
conv_08233,guilt_tripping,guilt_tripping
conv_03359,charm_flattery,charm_flattery
conv_09035,gaslighting,gaslighting
conv_07726,passive_aggressive,passive_aggressive
conv_01505,neutral,neutral
conv_04067,charm_flattery,charm_flattery
conv_02098,guilt_tripping,guilt_tripping
conv_01056,gaslighting,gaslighting
conv_03347,gaslighting,gaslighting
conv_05493,passive_aggressive,passive_aggressive
conv_04962,neutral,neutral
conv_00514,neutral,neutral
conv_08321,neutral,neutral
conv_01728,direct_coercion,direct_coercion
conv_06867,love_bombing,love_bombing
conv_08797,charm_flattery,charm_flattery
conv_00712,charm_flattery,charm_flattery
conv_02413,gaslighting,gaslighting
conv_05875,gaslighting,gaslighting
conv_06425,neutral,neutral
conv_07598,guilt_tripping,guilt_tripping
conv_07239,charm_flattery,charm_flattery
conv_08716,gaslighting,gaslighting
conv_05136,guilt_tripping,guilt_tripping
conv_05920,gaslighting,gaslighting
conv_08107,neutral,neutral
conv_06956,neutral,neutral
conv_08353,passive_aggressive,passive_aggressive
conv_08814,love_bombing,love_bombing
conv_09672,passive_aggressive,passive_aggressive
conv_05704,passive_aggressive,passive_aggressive
conv_01128,gaslighting,gaslighting
conv_01984,gaslighting,gaslighting
conv_09946,guilt_tripping,guilt_tripping
conv_06337,gaslighting,gaslighting
conv_03341,love_bombing,love_bombing
conv_02439,direct_coercion,direct_coercion
conv_07495,passive_aggressive,passive_aggressive
conv_05791,passive_aggressive,passive_aggressive
conv_03720,love_bombing,love_bombing
conv_09976,guilt_tripping,guilt_tripping
conv_07230,guilt_tripping,guilt_tripping
conv_00591,passive_aggressive,passive_aggressive
conv_07073,charm_flattery,charm_flattery
conv_05303,charm_flattery,charm_flattery
conv_04356,gaslighting,gaslighting
conv_09596,gaslighting,gaslighting
conv_04681,charm_flattery,charm_flattery
conv_08059,gaslighting,gaslighting
conv_04501,passive_aggressive,passive_aggressive
conv_04545,love_bombing,love_bombing
conv_01698,love_bombing,love_bombing
conv_00645,gaslighting,gaslighting
conv_00129,charm_flattery,charm_flattery
conv_04989,charm_flattery,charm_flattery
conv_01617,charm_flattery,charm_flattery
conv_04361,passive_aggressive,passive_aggressive
conv_06506,guilt_tripping,guilt_tripping
conv_09420,guilt_tripping,guilt_tripping
conv_09815,love_bombing,love_bombing
conv_05852,love_bombing,love_bombing
conv_06810,love_bombing,love_bombing
conv_04880,guilt_tripping,guilt_tripping
conv_03630,neutral,neutral
conv_01350,neutral,neutral
conv_06661,charm_flattery,charm_flattery
conv_07731,passive_aggressive,passive_aggressive
conv_02215,charm_flattery,charm_flattery
conv_04531,neutral,neutral
conv_09459,passive_aggressive,passive_aggressive
conv_01457,gaslighting,gaslighting
conv_05552,guilt_tripping,guilt_tripping
conv_02409,passive_aggressive,passive_aggressive
conv_03121,charm_flattery,charm_flattery
conv_01277,guilt_tripping,guilt_tripping
conv_03140,neutral,neutral
conv_07968,neutral,neutral
conv_02917,direct_coercion,direct_coercion
conv_08155,direct_coercion,direct_coercion
conv_02610,guilt_tripping,guilt_tripping
conv_08586,charm_flattery,charm_flattery
conv_04103,charm_flattery,charm_flattery
conv_03170,gaslighting,gaslighting
conv_06633,direct_coercion,direct_coercion
conv_08658,charm_flattery,charm_flattery
conv_03659,gaslighting,gaslighting
conv_02175,love_bombing,love_bombing
conv_08243,love_bombing,love_bombing
conv_07650,charm_flattery,charm_flattery
conv_08147,guilt_tripping,guilt_tripping
conv_09868,love_bombing,love_bombing
conv_03069,charm_flattery,charm_flattery
conv_09612,neutral,neutral
conv_06947,passive_aggressive,passive_aggressive
conv_02054,passive_aggressive,passive_aggressive
conv_02045,guilt_tripping,guilt_tripping
conv_04988,guilt_tripping,guilt_tripping
conv_04641,gaslighting,gaslighting
conv_05184,gaslighting,gaslighting
conv_02011,charm_flattery,charm_flattery
conv_09158,gaslighting,gaslighting
conv_00294,love_bombing,love_bombing
conv_08655,gaslighting,gaslighting
conv_09896,direct_coercion,direct_coercion
conv_06530,direct_coercion,direct_coercion
conv_07093,guilt_tripping,guilt_tripping
conv_00080,direct_coercion,direct_coercion
conv_03790,direct_coercion,direct_coercion
conv_04506,direct_coercion,direct_coercion
conv_08154,neutral,neutral
conv_02039,direct_coercion,direct_coercion
conv_05740,charm_flattery,charm_flattery
conv_09841,guilt_tripping,guilt_tripping
conv_05847,gaslighting,gaslighting
conv_05506,passive_aggressive,passive_aggressive
conv_01550,guilt_tripping,guilt_tripping
conv_04788,direct_coercion,direct_coercion
conv_04373,love_bombing,love_bombing
conv_04894,passive_aggressive,passive_aggressive
conv_02571,love_bombing,love_bombing
conv_00606,neutral,neutral
conv_06490,direct_coercion,direct_coercion
conv_00598,love_bombing,love_bombing
conv_04678,gaslighting,gaslighting
conv_05575,love_bombing,love_bombing
conv_04178,direct_coercion,direct_coercion
conv_04964,direct_coercion,direct_coercion
conv_03334,direct_coercion,direct_coercion
conv_00352,direct_coercion,direct_coercion
conv_03150,charm_flattery,charm_flattery
conv_08489,charm_flattery,charm_flattery
conv_05798,guilt_tripping,guilt_tripping
conv_05918,neutral,neutral
conv_06629,neutral,neutral
conv_07275,love_bombing,love_bombing
conv_06220,charm_flattery,charm_flattery
conv_01085,direct_coercion,direct_coercion
conv_08333,charm_flattery,charm_flattery
conv_07250,neutral,neutral
conv_03159,passive_aggressive,passive_aggressive
conv_06205,neutral,neutral
conv_06922,charm_flattery,charm_flattery
conv_03568,gaslighting,gaslighting
conv_08899,passive_aggressive,passive_aggressive
conv_03831,charm_flattery,charm_flattery
conv_09908,guilt_tripping,guilt_tripping
conv_08125,gaslighting,gaslighting
conv_00947,neutral,neutral
conv_01934,passive_aggressive,passive_aggressive
conv_08737,direct_coercion,direct_coercion
conv_01313,gaslighting,gaslighting
conv_05036,guilt_tripping,guilt_tripping
conv_04897,neutral,neutral
conv_02768,direct_coercion,direct_coercion
conv_01627,passive_aggressive,passive_aggressive
conv_09378,gaslighting,gaslighting
conv_08424,neutral,neutral
conv_02179,neutral,neutral
conv_06297,passive_aggressive,passive_aggressive
conv_08341,passive_aggressive,passive_aggressive
conv_06971,guilt_tripping,guilt_tripping
conv_06556,guilt_tripping,guilt_tripping
conv_01148,direct_coercion,direct_coercion
conv_01123,guilt_tripping,guilt_tripping
conv_06545,direct_coercion,direct_coercion
conv_01006,guilt_tripping,guilt_tripping
conv_08615,neutral,neutral
conv_00094,neutral,neutral
conv_02437,neutral,neutral
conv_03976,neutral,neutral
conv_05030,neutral,neutral
conv_09413,charm_flattery,charm_flattery
conv_00181,guilt_tripping,guilt_tripping
conv_05699,passive_aggressive,passive_aggressive
conv_02386,charm_flattery,charm_flattery
conv_02842,guilt_tripping,guilt_tripping
conv_03977,neutral,neutral
conv_00238,passive_aggressive,passive_aggressive
conv_04535,love_bombing,love_bombing
conv_05444,passive_aggressive,passive_aggressive
conv_05608,love_bombing,love_bombing
conv_05677,neutral,neutral
conv_07478,gaslighting,gaslighting
conv_06185,passive_aggressive,passive_aggressive
conv_03110,passive_aggressive,passive_aggressive
conv_09220,neutral,neutral
conv_06593,charm_flattery,charm_flattery
conv_08037,neutral,neutral
conv_08872,neutral,neutral
conv_00272,gaslighting,gaslighting
conv_05300,love_bombing,love_bombing
conv_09845,gaslighting,gaslighting
conv_09255,passive_aggressive,passive_aggressive
conv_00766,neutral,neutral
conv_00007,love_bombing,love_bombing
conv_04015,neutral,neutral
conv_06479,guilt_tripping,guilt_tripping
conv_00066,passive_aggressive,passive_aggressive
conv_04040,neutral,neutral
conv_04888,love_bombing,love_bombing
conv_00480,neutral,neutral
conv_03593,charm_flattery,charm_flattery
conv_01917,gaslighting,gaslighting
conv_06748,passive_aggressive,passive_aggressive
conv_07902,love_bombing,love_bombing
conv_01537,charm_flattery,charm_flattery
conv_03662,love_bombing,love_bombing
conv_02078,guilt_tripping,guilt_tripping
conv_09062,gaslighting,gaslighting
conv_00387,guilt_tripping,guilt_tripping
conv_03814,gaslighting,gaslighting
conv_01779,neutral,neutral
conv_04693,gaslighting,gaslighting
conv_04715,neutral,neutral
conv_03250,neutral,neutral
conv_00532,passive_aggressive,passive_aggressive
conv_05910,gaslighting,gaslighting
conv_09525,guilt_tripping,guilt_tripping
conv_02904,direct_coercion,direct_coercion
conv_01980,direct_coercion,direct_coercion
conv_08003,neutral,neutral
conv_08755,direct_coercion,direct_coercion
conv_06509,guilt_tripping,guilt_tripping
conv_09272,passive_aggressive,passive_aggressive
conv_00634,guilt_tripping,guilt_tripping
conv_00006,direct_coercion,direct_coercion
conv_03501,guilt_tripping,guilt_tripping
conv_00237,charm_flattery,charm_flattery
conv_02894,direct_coercion,direct_coercion
conv_08976,guilt_tripping,guilt_tripping
conv_08265,neutral,neutral
conv_01047,direct_coercion,direct_coercion
conv_03290,neutral,neutral
conv_02693,neutral,neutral
conv_07496,direct_coercion,direct_coercion
conv_06094,guilt_tripping,guilt_tripping
conv_05089,passive_aggressive,passive_aggressive
conv_00300,charm_flattery,charm_flattery
conv_02832,charm_flattery,charm_flattery
conv_05991,love_bombing,love_bombing
conv_01048,neutral,neutral
conv_04100,guilt_tripping,guilt_tripping
conv_07450,passive_aggressive,passive_aggressive
conv_06869,direct_coercion,direct_coercion
conv_09887,gaslighting,gaslighting
conv_01904,guilt_tripping,guilt_tripping
conv_05132,charm_flattery,charm_flattery
conv_00913,direct_coercion,direct_coercion
conv_03102,neutral,neutral
conv_05766,neutral,neutral
conv_02056,neutral,neutral
conv_06033,love_bombing,love_bombing
conv_05783,gaslighting,gaslighting
conv_07762,passive_aggressive,passive_aggressive
conv_05262,direct_coercion,direct_coercion
conv_01389,love_bombing,love_bombing
conv_07137,neutral,neutral
conv_09005,love_bombing,love_bombing
conv_06619,direct_coercion,direct_coercion
conv_05063,neutral,neutral
conv_01753,gaslighting,gaslighting
conv_00168,charm_flattery,charm_flattery
conv_08865,passive_aggressive,passive_aggressive
conv_09021,direct_coercion,direct_coercion
conv_03752,direct_coercion,direct_coercion
conv_07031,direct_coercion,direct_coercion
conv_04105,neutral,neutral
conv_01669,guilt_tripping,guilt_tripping
conv_09232,gaslighting,gaslighting
conv_04200,gaslighting,gaslighting
conv_07234,charm_flattery,charm_flattery
conv_08263,love_bombing,love_bombing
conv_08758,neutral,neutral
conv_08040,guilt_tripping,guilt_tripping
conv_01736,neutral,neutral
conv_05432,direct_coercion,direct_coercion
conv_03631,gaslighting,gaslighting
conv_08284,direct_coercion,direct_coercion
conv_00311,neutral,neutral
conv_01197,guilt_tripping,guilt_tripping
conv_07292,gaslighting,gaslighting
conv_01879,charm_flattery,charm_flattery
conv_05548,passive_aggressive,passive_aggressive
conv_08029,neutral,neutral
conv_09924,direct_coercion,direct_coercion
conv_09266,love_bombing,love_bombing
conv_01569,gaslighting,gaslighting
conv_09422,guilt_tripping,guilt_tripping
conv_09099,direct_coercion,direct_coercion
conv_08577,guilt_tripping,guilt_tripping
conv_02266,direct_coercion,direct_coercion
conv_07701,guilt_tripping,guilt_tripping
conv_04594,guilt_tripping,guilt_tripping
conv_08313,direct_coercion,direct_coercion
conv_03954,passive_aggressive,passive_aggressive
conv_05423,gaslighting,gaslighting
conv_08177,direct_coercion,direct_coercion
conv_01609,neutral,neutral
conv_07087,passive_aggressive,passive_aggressive
conv_00640,guilt_tripping,guilt_tripping
conv_01629,direct_coercion,direct_coercion
conv_07835,neutral,neutral
conv_09520,direct_coercion,direct_coercion
conv_09004,direct_coercion,direct_coercion
conv_03059,guilt_tripping,guilt_tripping
conv_04195,passive_aggressive,passive_aggressive
conv_05743,passive_aggressive,passive_aggressive
conv_09245,gaslighting,gaslighting
conv_07545,guilt_tripping,guilt_tripping
conv_03436,love_bombing,love_bombing
conv_01841,charm_flattery,charm_flattery
conv_07871,love_bombing,love_bombing
conv_04481,direct_coercion,direct_coercion
conv_03531,guilt_tripping,guilt_tripping
conv_09706,guilt_tripping,guilt_tripping
conv_00745,passive_aggressive,passive_aggressive
conv_01744,neutral,neutral
conv_05293,love_bombing,love_bombing
conv_06557,neutral,neutral
conv_00134,guilt_tripping,guilt_tripping
conv_09096,guilt_tripping,guilt_tripping
conv_07387,guilt_tripping,guilt_tripping
conv_02493,direct_coercion,direct_coercion
conv_01703,direct_coercion,direct_coercion
conv_09529,neutral,neutral
conv_01096,guilt_tripping,guilt_tripping
conv_09825,charm_flattery,charm_flattery
conv_04233,charm_flattery,charm_flattery
conv_03949,passive_aggressive,passive_aggressive
conv_05071,passive_aggressive,passive_aggressive
conv_08838,guilt_tripping,guilt_tripping
conv_08561,love_bombing,love_bombing
conv_04283,charm_flattery,charm_flattery
conv_03112,direct_coercion,direct_coercion
conv_08036,direct_coercion,direct_coercion
conv_08053,passive_aggressive,passive_aggressive
conv_07530,neutral,neutral
conv_06828,neutral,neutral
conv_00928,love_bombing,love_bombing
conv_00901,charm_flattery,charm_flattery
conv_06656,gaslighting,gaslighting
conv_03972,gaslighting,gaslighting
conv_02489,love_bombing,love_bombing
conv_09809,neutral,neutral
conv_06206,gaslighting,gaslighting
conv_05175,passive_aggressive,passive_aggressive
conv_03746,neutral,neutral
conv_00605,passive_aggressive,passive_aggressive
conv_07857,passive_aggressive,passive_aggressive
conv_03858,neutral,neutral
conv_03939,charm_flattery,charm_flattery
conv_07434,neutral,neutral
conv_05397,guilt_tripping,guilt_tripping
conv_07711,gaslighting,gaslighting
conv_04801,charm_flattery,charm_flattery
conv_02075,guilt_tripping,guilt_tripping
conv_07017,charm_flattery,charm_flattery
conv_08465,charm_flattery,charm_flattery
conv_05915,direct_coercion,direct_coercion
conv_04468,love_bombing,love_bombing
conv_02320,direct_coercion,direct_coercion
conv_07177,passive_aggressive,passive_aggressive
conv_08763,guilt_tripping,guilt_tripping
conv_06075,direct_coercion,direct_coercion
conv_06336,gaslighting,gaslighting
conv_05641,neutral,neutral
conv_01647,direct_coercion,direct_coercion
conv_00582,passive_aggressive,passive_aggressive
conv_04834,neutral,neutral
conv_05276,gaslighting,gaslighting
conv_04953,gaslighting,gaslighting
conv_03804,neutral,neutral
conv_05616,gaslighting,gaslighting
conv_03860,gaslighting,gaslighting
conv_08656,charm_flattery,charm_flattery
conv_02323,gaslighting,gaslighting
conv_06096,love_bombing,love_bombing
conv_01883,gaslighting,gaslighting
conv_08194,neutral,neutral
conv_04042,love_bombing,love_bombing
conv_08807,direct_coercion,direct_coercion
conv_04996,direct_coercion,direct_coercion
conv_06155,gaslighting,gaslighting
conv_02559,charm_flattery,charm_flattery
conv_04092,guilt_tripping,guilt_tripping
conv_06456,love_bombing,love_bombing
conv_08137,passive_aggressive,passive_aggressive
conv_09151,neutral,neutral
conv_04442,love_bombing,love_bombing
conv_00342,love_bombing,love_bombing
conv_08184,love_bombing,love_bombing
conv_07344,love_bombing,love_bombing
conv_05402,gaslighting,gaslighting
conv_06365,passive_aggressive,passive_aggressive
conv_04115,direct_coercion,direct_coercion
conv_08626,passive_aggressive,passive_aggressive
conv_08449,love_bombing,love_bombing
conv_07266,charm_flattery,charm_flattery
conv_06769,charm_flattery,charm_flattery
conv_08176,passive_aggressive,passive_aggressive
conv_09398,passive_aggressive,passive_aggressive
conv_03946,gaslighting,gaslighting
conv_01379,charm_flattery,charm_flattery
conv_00686,direct_coercion,direct_coercion
conv_00267,gaslighting,gaslighting
conv_04156,guilt_tripping,guilt_tripping
conv_07305,guilt_tripping,guilt_tripping
conv_02308,neutral,neutral
conv_08394,passive_aggressive,passive_aggressive
conv_00169,direct_coercion,direct_coercion
conv_01775,neutral,neutral
conv_06012,gaslighting,gaslighting
conv_03265,gaslighting,gaslighting
conv_09618,gaslighting,gaslighting
conv_01345,passive_aggressive,passive_aggressive
conv_04967,love_bombing,love_bombing
conv_03581,charm_flattery,charm_flattery
conv_08141,gaslighting,gaslighting
conv_01348,direct_coercion,direct_coercion
conv_03204,charm_flattery,charm_flattery
conv_00174,gaslighting,gaslighting
conv_06359,charm_flattery,charm_flattery
conv_05647,neutral,neutral
conv_03590,passive_aggressive,passive_aggressive
conv_06357,neutral,neutral
conv_08783,neutral,neutral
conv_07581,guilt_tripping,guilt_tripping
conv_05886,gaslighting,gaslighting
conv_00828,passive_aggressive,passive_aggressive
conv_01022,guilt_tripping,guilt_tripping
conv_05868,neutral,neutral
conv_09000,love_bombing,love_bombing
conv_05654,guilt_tripping,guilt_tripping
conv_01288,charm_flattery,charm_flattery
conv_09011,neutral,neutral
conv_05825,neutral,neutral
conv_09522,passive_aggressive,passive_aggressive
conv_03037,gaslighting,gaslighting
conv_09961,love_bombing,love_bombing
conv_04946,guilt_tripping,guilt_tripping
conv_09198,guilt_tripping,guilt_tripping
conv_03103,charm_flattery,charm_flattery
conv_09443,gaslighting,gaslighting
conv_00720,neutral,neutral
conv_04143,direct_coercion,direct_coercion
conv_04135,gaslighting,gaslighting
conv_06422,direct_coercion,direct_coercion
conv_06463,passive_aggressive,passive_aggressive
conv_06021,direct_coercion,direct_coercion
conv_00255,neutral,neutral
conv_02206,gaslighting,gaslighting
conv_05927,direct_coercion,direct_coercion
conv_07302,passive_aggressive,passive_aggressive
conv_03922,passive_aggressive,passive_aggressive
conv_02021,gaslighting,gaslighting
conv_02332,gaslighting,gaslighting
conv_04438,charm_flattery,charm_flattery
conv_05162,passive_aggressive,passive_aggressive
conv_02940,direct_coercion,direct_coercion
conv_03725,passive_aggressive,passive_aggressive
conv_06356,neutral,neutral
conv_09806,neutral,neutral
conv_09943,guilt_tripping,guilt_tripping
conv_07793,guilt_tripping,guilt_tripping
conv_09501,direct_coercion,direct_coercion
conv_05158,neutral,neutral
conv_00144,neutral,neutral
conv_01796,guilt_tripping,guilt_tripping
conv_04916,gaslighting,gaslighting
conv_04836,direct_coercion,direct_coercion
conv_00474,guilt_tripping,guilt_tripping
conv_07558,direct_coercion,direct_coercion
conv_04680,gaslighting,gaslighting
conv_05696,neutral,neutral
conv_01363,neutral,neutral
conv_06685,direct_coercion,direct_coercion
conv_05655,love_bombing,love_bombing
conv_07158,gaslighting,gaslighting
conv_06275,love_bombing,love_bombing
conv_03090,passive_aggressive,passive_aggressive
conv_04546,gaslighting,gaslighting
conv_07268,passive_aggressive,passive_aggressive
conv_09662,love_bombing,love_bombing
conv_02683,gaslighting,gaslighting
conv_06201,neutral,neutral
conv_08306,charm_flattery,charm_flattery
conv_02313,guilt_tripping,guilt_tripping
conv_03796,passive_aggressive,passive_aggressive
conv_04851,charm_flattery,charm_flattery
conv_09626,neutral,neutral
conv_05148,charm_flattery,charm_flattery
conv_00160,neutral,neutral
conv_03703,direct_coercion,direct_coercion
conv_09083,direct_coercion,direct_coercion
conv_09121,guilt_tripping,guilt_tripping
conv_06468,direct_coercion,direct_coercion
conv_06230,neutral,neutral
conv_05353,love_bombing,love_bombing
conv_01930,charm_flattery,charm_flattery
conv_04389,direct_coercion,direct_coercion
conv_01813,love_bombing,love_bombing
conv_05253,love_bombing,love_bombing
conv_08997,gaslighting,gaslighting
conv_01852,direct_coercion,direct_coercion
conv_01326,gaslighting,gaslighting
conv_00152,passive_aggressive,passive_aggressive
conv_03165,charm_flattery,charm_flattery
conv_00884,gaslighting,gaslighting
conv_08235,passive_aggressive,passive_aggressive
conv_00785,direct_coercion,direct_coercion
conv_05473,direct_coercion,direct_coercion
conv_07868,direct_coercion,direct_coercion
conv_06034,direct_coercion,direct_coercion
conv_06480,guilt_tripping,guilt_tripping
conv_08086,guilt_tripping,guilt_tripping
conv_01760,neutral,neutral
conv_04292,charm_flattery,charm_flattery
conv_05638,guilt_tripping,guilt_tripping
conv_03704,neutral,neutral
conv_09688,passive_aggressive,passive_aggressive
conv_04145,charm_flattery,charm_flattery
conv_04527,direct_coercion,direct_coercion
conv_00034,direct_coercion,direct_coercion
conv_06056,gaslighting,gaslighting
conv_07820,direct_coercion,direct_coercion
conv_06615,guilt_tripping,guilt_tripping
conv_04818,neutral,neutral
conv_02811,love_bombing,love_bombing
conv_07941,love_bombing,love_bombing
conv_04258,charm_flattery,charm_flattery
conv_01402,love_bombing,love_bombing
conv_09639,passive_aggressive,passive_aggressive
conv_02519,neutral,neutral
conv_05589,passive_aggressive,passive_aggressive
conv_09492,guilt_tripping,guilt_tripping
conv_02937,neutral,neutral
conv_00955,gaslighting,gaslighting
conv_05898,love_bombing,love_bombing
conv_04375,gaslighting,gaslighting
conv_03468,love_bombing,love_bombing
conv_07983,guilt_tripping,guilt_tripping
conv_08091,neutral,neutral
conv_04885,neutral,neutral
conv_03869,neutral,neutral
conv_04939,love_bombing,love_bombing
conv_04162,neutral,neutral
conv_00956,direct_coercion,direct_coercion
conv_08699,neutral,neutral
conv_06179,love_bombing,love_bombing
conv_08850,love_bombing,love_bombing
conv_06547,love_bombing,love_bombing
conv_03373,guilt_tripping,guilt_tripping
conv_00547,gaslighting,gaslighting
conv_02070,passive_aggressive,passive_aggressive
conv_01802,love_bombing,love_bombing
conv_02754,neutral,neutral
conv_00114,gaslighting,gaslighting
conv_07685,love_bombing,love_bombing
conv_05974,charm_flattery,charm_flattery
conv_08234,gaslighting,gaslighting
conv_01752,guilt_tripping,guilt_tripping
conv_02436,neutral,neutral
conv_02886,charm_flattery,charm_flattery
conv_03996,direct_coercion,direct_coercion
conv_03978,gaslighting,gaslighting
conv_03426,passive_aggressive,passive_aggressive
conv_00043,charm_flattery,charm_flattery
conv_06379,neutral,neutral
conv_08952,passive_aggressive,passive_aggressive
conv_03014,love_bombing,love_bombing
conv_03195,neutral,neutral
conv_00682,guilt_tripping,guilt_tripping
conv_06405,gaslighting,gaslighting
conv_06580,guilt_tripping,guilt_tripping
conv_02330,neutral,neutral
conv_09517,direct_coercion,direct_coercion
conv_05759,guilt_tripping,guilt_tripping
conv_06820,neutral,neutral
conv_07332,charm_flattery,charm_flattery
conv_09904,love_bombing,love_bombing
conv_03114,gaslighting,gaslighting
conv_05754,love_bombing,love_bombing
conv_05364,gaslighting,gaslighting
conv_07722,direct_coercion,direct_coercion
conv_06322,charm_flattery,charm_flattery
conv_04892,direct_coercion,direct_coercion
conv_05099,guilt_tripping,guilt_tripping
conv_05855,charm_flattery,charm_flattery
conv_04381,neutral,neutral
conv_04614,guilt_tripping,guilt_tripping
conv_00852,passive_aggressive,passive_aggressive
conv_07333,passive_aggressive,passive_aggressive
conv_02866,gaslighting,gaslighting
conv_00765,guilt_tripping,guilt_tripping
conv_08556,charm_flattery,charm_flattery
conv_00476,guilt_tripping,guilt_tripping
conv_02558,gaslighting,gaslighting
conv_01236,neutral,neutral
conv_07141,guilt_tripping,guilt_tripping
conv_00834,neutral,neutral
conv_01428,love_bombing,love_bombing
conv_00061,gaslighting,gaslighting
conv_09910,neutral,neutral
conv_07323,charm_flattery,charm_flattery
conv_03990,direct_coercion,direct_coercion
conv_05658,direct_coercion,direct_coercion
conv_06194,charm_flattery,charm_flattery
conv_04960,guilt_tripping,guilt_tripping
conv_09138,direct_coercion,direct_coercion
conv_03682,gaslighting,gaslighting
conv_04344,guilt_tripping,guilt_tripping
conv_01365,passive_aggressive,passive_aggressive
conv_09844,love_bombing,love_bombing
conv_08612,guilt_tripping,guilt_tripping
conv_05653,direct_coercion,direct_coercion
conv_01820,gaslighting,gaslighting
conv_01948,gaslighting,gaslighting
conv_05228,charm_flattery,charm_flattery
conv_07668,neutral,neutral
conv_07229,direct_coercion,direct_coercion
conv_00205,love_bombing,love_bombing
conv_01051,charm_flattery,charm_flattery
conv_08805,guilt_tripping,guilt_tripping
conv_00445,direct_coercion,direct_coercion
conv_09166,direct_coercion,direct_coercion
conv_03964,guilt_tripping,guilt_tripping
conv_04248,direct_coercion,direct_coercion
conv_02789,direct_coercion,direct_coercion
conv_07758,guilt_tripping,guilt_tripping
conv_09319,direct_coercion,direct_coercion
conv_03723,love_bombing,love_bombing
conv_03466,passive_aggressive,passive_aggressive
conv_08642,passive_aggressive,passive_aggressive
conv_00347,guilt_tripping,guilt_tripping
conv_09067,neutral,neutral
conv_07013,love_bombing,love_bombing
conv_05122,neutral,neutral
conv_05474,charm_flattery,charm_flattery
conv_05183,neutral,neutral
conv_06713,guilt_tripping,guilt_tripping
conv_08996,passive_aggressive,passive_aggressive
conv_05027,charm_flattery,charm_flattery
conv_08528,charm_flattery,charm_flattery
conv_06314,charm_flattery,charm_flattery
conv_09767,guilt_tripping,guilt_tripping
conv_07843,love_bombing,love_bombing
conv_09818,direct_coercion,direct_coercion
conv_05481,love_bombing,love_bombing
conv_00215,love_bombing,love_bombing
conv_00118,passive_aggressive,passive_aggressive
conv_00937,direct_coercion,direct_coercion
conv_01504,neutral,neutral
conv_07947,charm_flattery,charm_flattery
conv_06636,guilt_tripping,guilt_tripping
conv_04537,charm_flattery,charm_flattery
conv_05238,love_bombing,love_bombing
conv_01973,neutral,neutral
conv_05022,charm_flattery,charm_flattery
conv_05981,passive_aggressive,passive_aggressive
conv_05827,love_bombing,love_bombing
conv_01173,love_bombing,love_bombing
conv_02255,neutral,neutral
conv_06634,love_bombing,love_bombing
conv_03371,direct_coercion,direct_coercion
conv_04519,gaslighting,gaslighting
conv_09164,charm_flattery,charm_flattery
conv_09680,guilt_tripping,guilt_tripping
conv_05086,love_bombing,love_bombing
conv_03587,love_bombing,love_bombing
conv_07525,gaslighting,gaslighting
conv_00578,passive_aggressive,passive_aggressive
conv_04186,charm_flattery,charm_flattery
conv_06272,guilt_tripping,guilt_tripping
conv_04242,direct_coercion,direct_coercion
conv_07920,charm_flattery,charm_flattery
conv_01073,gaslighting,gaslighting
conv_07783,gaslighting,gaslighting
conv_05899,charm_flattery,charm_flattery
conv_05338,gaslighting,gaslighting
conv_07844,direct_coercion,direct_coercion
conv_00733,neutral,neutral
conv_03300,gaslighting,gaslighting
conv_07523,neutral,neutral
conv_09063,passive_aggressive,passive_aggressive
conv_08689,guilt_tripping,guilt_tripping
conv_08950,neutral,neutral
conv_02164,passive_aggressive,passive_aggressive
conv_09435,guilt_tripping,guilt_tripping
conv_00810,gaslighting,gaslighting
conv_08564,guilt_tripping,guilt_tripping
conv_09854,neutral,neutral
conv_03514,neutral,neutral
conv_05239,neutral,neutral
conv_00895,passive_aggressive,passive_aggressive
conv_07258,passive_aggressive,passive_aggressive
conv_01621,guilt_tripping,guilt_tripping
conv_08002,neutral,neutral
conv_06306,gaslighting,gaslighting
conv_03186,passive_aggressive,passive_aggressive
conv_02036,neutral,neutral
conv_07336,direct_coercion,direct_coercion
conv_07993,love_bombing,love_bombing
conv_06283,direct_coercion,direct_coercion
conv_00862,guilt_tripping,guilt_tripping
conv_04308,neutral,neutral
conv_01605,passive_aggressive,passive_aggressive
conv_09676,charm_flattery,charm_flattery
conv_06884,guilt_tripping,guilt_tripping
conv_07209,neutral,neutral
conv_04262,guilt_tripping,guilt_tripping
conv_05065,passive_aggressive,passive_aggressive
conv_04322,love_bombing,love_bombing
conv_07811,charm_flattery,charm_flattery
conv_03792,love_bombing,love_bombing
conv_08442,direct_coercion,direct_coercion
conv_05686,direct_coercion,direct_coercion
conv_09269,love_bombing,love_bombing
conv_09632,neutral,neutral
conv_06958,guilt_tripping,guilt_tripping
conv_03449,charm_flattery,charm_flattery
conv_00064,passive_aggressive,passive_aggressive
conv_04170,love_bombing,love_bombing
conv_02348,gaslighting,gaslighting
conv_09125,gaslighting,gaslighting
conv_09935,charm_flattery,charm_flattery
conv_08035,guilt_tripping,guilt_tripping
conv_09637,direct_coercion,direct_coercion
conv_03765,guilt_tripping,guilt_tripping
conv_02079,gaslighting,gaslighting
conv_00925,charm_flattery,charm_flattery
conv_06286,guilt_tripping,guilt_tripping
conv_00456,love_bombing,love_bombing
conv_09074,neutral,neutral
conv_01281,passive_aggressive,passive_aggressive
conv_04112,guilt_tripping,guilt_tripping
conv_07895,passive_aggressive,passive_aggressive
conv_06802,love_bombing,love_bombing
conv_07528,direct_coercion,direct_coercion
conv_06438,passive_aggressive,passive_aggressive
conv_06035,direct_coercion,direct_coercion
conv_08832,love_bombing,love_bombing
conv_02309,love_bombing,love_bombing
conv_01963,neutral,neutral
conv_00586,charm_flattery,charm_flattery
conv_05161,guilt_tripping,guilt_tripping
conv_01722,guilt_tripping,guilt_tripping
conv_08956,guilt_tripping,guilt_tripping
conv_01024,passive_aggressive,passive_aggressive
conv_00677,love_bombing,love_bombing
conv_08911,love_bombing,love_bombing
conv_02024,love_bombing,love_bombing
conv_02278,charm_flattery,charm_flattery
conv_08519,love_bombing,love_bombing
conv_04756,love_bombing,love_bombing
conv_01421,passive_aggressive,passive_aggressive
conv_01502,passive_aggressive,passive_aggressive
conv_05389,guilt_tripping,guilt_tripping
conv_02230,guilt_tripping,guilt_tripping
conv_02580,gaslighting,gaslighting
conv_08541,passive_aggressive,passive_aggressive
conv_01658,passive_aggressive,passive_aggressive
conv_02315,love_bombing,love_bombing
conv_07345,charm_flattery,charm_flattery
conv_06065,passive_aggressive,passive_aggressive
conv_00699,passive_aggressive,passive_aggressive
conv_02459,passive_aggressive,passive_aggressive
conv_06993,love_bombing,love_bombing
conv_02595,neutral,neutral
conv_08668,passive_aggressive,passive_aggressive
conv_04852,neutral,neutral
conv_09990,neutral,neutral
conv_00886,guilt_tripping,guilt_tripping
conv_08247,love_bombing,love_bombing
conv_09587,gaslighting,gaslighting
conv_09026,gaslighting,gaslighting
conv_09567,direct_coercion,direct_coercion
conv_06645,neutral,neutral
conv_08994,passive_aggressive,passive_aggressive
conv_01039,charm_flattery,charm_flattery
conv_05069,passive_aggressive,passive_aggressive
conv_03166,direct_coercion,direct_coercion
conv_00355,charm_flattery,charm_flattery
conv_01081,neutral,neutral
conv_05767,passive_aggressive,passive_aggressive
conv_08794,direct_coercion,direct_coercion
conv_06751,love_bombing,love_bombing
conv_07397,neutral,neutral
conv_03237,charm_flattery,charm_flattery
conv_06598,passive_aggressive,passive_aggressive
conv_08218,guilt_tripping,guilt_tripping
conv_03642,gaslighting,gaslighting
conv_02971,neutral,neutral
conv_06800,guilt_tripping,guilt_tripping
conv_05005,gaslighting,gaslighting
conv_00431,guilt_tripping,guilt_tripping
conv_08729,direct_coercion,direct_coercion
conv_01685,neutral,neutral
conv_07274,passive_aggressive,passive_aggressive
conv_00695,neutral,neutral
conv_09944,gaslighting,gaslighting
conv_03071,neutral,neutral
conv_04230,direct_coercion,direct_coercion
conv_03197,love_bombing,love_bombing
conv_07555,gaslighting,gaslighting
conv_01509,charm_flattery,charm_flattery
conv_03673,direct_coercion,direct_coercion
conv_09287,guilt_tripping,guilt_tripping
conv_07504,charm_flattery,charm_flattery
conv_09317,direct_coercion,direct_coercion
conv_09748,charm_flattery,charm_flattery
conv_05088,love_bombing,love_bombing
conv_02907,passive_aggressive,passive_aggressive
conv_08419,passive_aggressive,passive_aggressive
conv_08665,direct_coercion,direct_coercion
conv_09816,direct_coercion,direct_coercion
conv_02798,charm_flattery,charm_flattery
conv_02774,passive_aggressive,passive_aggressive
conv_08713,love_bombing,love_bombing
conv_01851,charm_flattery,charm_flattery
conv_07688,charm_flattery,charm_flattery
conv_04985,direct_coercion,direct_coercion
conv_09106,gaslighting,gaslighting
conv_00081,neutral,neutral
conv_00748,guilt_tripping,guilt_tripping
conv_06191,neutral,neutral
conv_08945,passive_aggressive,passive_aggressive
conv_01878,love_bombing,love_bombing
conv_01817,passive_aggressive,passive_aggressive
conv_05399,neutral,neutral
conv_08854,gaslighting,gaslighting
conv_04036,charm_flattery,charm_flattery
conv_07277,direct_coercion,direct_coercion
conv_02701,gaslighting,gaslighting
conv_00849,gaslighting,gaslighting
conv_01555,neutral,neutral
conv_07957,direct_coercion,direct_coercion
conv_04577,neutral,neutral
conv_06631,charm_flattery,charm_flattery
conv_07279,gaslighting,gaslighting
conv_00936,guilt_tripping,guilt_tripping
conv_01671,guilt_tripping,guilt_tripping
conv_09227,charm_flattery,charm_flattery
conv_00411,guilt_tripping,guilt_tripping
conv_04462,charm_flattery,charm_flattery
conv_08717,charm_flattery,charm_flattery
conv_02384,neutral,neutral
conv_09337,love_bombing,love_bombing
conv_00427,charm_flattery,charm_flattery
conv_08792,gaslighting,gaslighting
conv_00489,guilt_tripping,guilt_tripping
conv_04853,neutral,neutral
conv_06899,passive_aggressive,passive_aggressive
conv_09509,guilt_tripping,guilt_tripping
conv_08571,neutral,neutral
conv_02162,neutral,neutral
conv_08408,direct_coercion,direct_coercion
conv_06572,passive_aggressive,passive_aggressive
conv_00737,passive_aggressive,passive_aggressive
conv_08085,charm_flattery,charm_flattery
conv_03189,love_bombing,love_bombing
conv_09437,charm_flattery,charm_flattery
conv_05115,passive_aggressive,passive_aggressive
conv_01005,neutral,neutral
conv_02274,gaslighting,gaslighting
conv_08595,gaslighting,gaslighting
conv_05206,gaslighting,gaslighting
conv_02796,love_bombing,love_bombing
conv_01529,gaslighting,gaslighting
conv_00197,guilt_tripping,guilt_tripping
conv_09827,passive_aggressive,passive_aggressive
conv_01211,passive_aggressive,passive_aggressive
conv_07054,guilt_tripping,guilt_tripping
conv_06724,charm_flattery,charm_flattery
conv_01957,guilt_tripping,guilt_tripping
conv_02794,direct_coercion,direct_coercion
conv_00657,gaslighting,gaslighting
conv_00512,love_bombing,love_bombing
conv_06505,gaslighting,gaslighting
conv_07264,gaslighting,gaslighting
conv_04738,charm_flattery,charm_flattery
conv_07148,direct_coercion,direct_coercion
conv_09018,charm_flattery,charm_flattery
conv_00653,guilt_tripping,guilt_tripping
conv_01920,neutral,neutral
conv_03126,direct_coercion,direct_coercion
conv_03931,neutral,neutral
conv_09159,direct_coercion,direct_coercion
conv_09945,gaslighting,gaslighting
conv_09280,neutral,neutral
conv_02406,gaslighting,gaslighting
conv_04198,direct_coercion,direct_coercion
conv_00467,direct_coercion,direct_coercion
conv_05450,gaslighting,gaslighting
conv_03185,direct_coercion,direct_coercion
conv_03527,guilt_tripping,guilt_tripping
conv_03657,love_bombing,love_bombing
conv_01842,passive_aggressive,passive_aggressive
conv_05323,guilt_tripping,guilt_tripping
conv_00740,direct_coercion,direct_coercion
conv_08289,love_bombing,love_bombing
conv_00161,passive_aggressive,passive_aggressive
conv_03921,neutral,neutral
conv_01131,neutral,neutral
conv_09292,direct_coercion,direct_coercion
conv_05333,charm_flattery,charm_flattery
conv_04492,passive_aggressive,passive_aggressive
conv_08607,direct_coercion,direct_coercion
conv_06277,passive_aggressive,passive_aggressive
conv_09998,gaslighting,gaslighting
conv_06924,passive_aggressive,passive_aggressive
conv_00368,passive_aggressive,passive_aggressive
conv_08583,neutral,neutral
conv_09040,neutral,neutral
conv_03537,guilt_tripping,guilt_tripping
conv_04569,love_bombing,love_bombing
conv_08280,gaslighting,gaslighting
conv_09906,charm_flattery,charm_flattery
conv_05811,passive_aggressive,passive_aggressive
conv_09016,passive_aggressive,passive_aggressive
conv_03233,gaslighting,gaslighting
conv_02145,direct_coercion,direct_coercion
conv_03002,neutral,neutral
conv_01992,neutral,neutral
conv_02181,guilt_tripping,guilt_tripping
conv_07779,guilt_tripping,guilt_tripping
conv_00412,gaslighting,gaslighting
conv_05064,direct_coercion,direct_coercion
conv_03603,gaslighting,gaslighting
conv_07562,passive_aggressive,passive_aggressive
conv_02684,gaslighting,gaslighting
conv_06181,passive_aggressive,passive_aggressive
conv_03219,passive_aggressive,passive_aggressive
conv_09572,guilt_tripping,guilt_tripping
conv_07749,direct_coercion,direct_coercion
conv_09981,gaslighting,gaslighting
conv_04991,direct_coercion,direct_coercion
conv_07773,charm_flattery,charm_flattery
conv_04995,charm_flattery,charm_flattery
conv_06703,charm_flattery,charm_flattery
conv_09120,passive_aggressive,passive_aggressive
conv_04466,direct_coercion,direct_coercion
conv_08309,gaslighting,gaslighting
conv_06755,gaslighting,gaslighting
conv_00223,direct_coercion,direct_coercion
conv_01684,guilt_tripping,guilt_tripping
conv_04702,guilt_tripping,guilt_tripping
conv_03172,guilt_tripping,guilt_tripping
conv_07911,neutral,neutral
conv_02977,direct_coercion,direct_coercion
conv_06857,charm_flattery,charm_flattery
conv_05888,gaslighting,gaslighting
conv_04795,guilt_tripping,guilt_tripping
conv_05154,love_bombing,love_bombing
conv_04808,charm_flattery,charm_flattery
conv_04496,charm_flattery,charm_flattery
conv_06673,love_bombing,love_bombing
conv_02529,love_bombing,love_bombing
conv_03826,guilt_tripping,guilt_tripping
conv_02679,direct_coercion,direct_coercion
conv_07854,guilt_tripping,guilt_tripping
conv_02822,passive_aggressive,passive_aggressive
conv_00794,passive_aggressive,passive_aggressive
conv_04451,guilt_tripping,guilt_tripping
conv_02959,guilt_tripping,guilt_tripping
conv_06011,love_bombing,love_bombing
conv_00505,gaslighting,gaslighting
conv_02849,passive_aggressive,passive_aggressive
conv_07515,gaslighting,gaslighting
conv_03753,passive_aggressive,passive_aggressive
conv_00256,love_bombing,love_bombing
conv_07420,love_bombing,love_bombing
conv_05789,love_bombing,love_bombing
conv_08683,passive_aggressive,passive_aggressive
conv_07120,love_bombing,love_bombing
conv_01995,gaslighting,gaslighting
conv_07501,neutral,neutral
conv_08895,guilt_tripping,guilt_tripping
conv_07034,love_bombing,love_bombing
conv_05803,direct_coercion,direct_coercion
conv_09792,guilt_tripping,guilt_tripping
conv_07132,passive_aggressive,passive_aggressive
conv_08584,gaslighting,gaslighting
conv_08329,neutral,neutral
conv_02659,direct_coercion,direct_coercion
conv_07358,neutral,neutral
conv_04529,passive_aggressive,passive_aggressive
conv_02434,guilt_tripping,guilt_tripping
conv_04060,neutral,neutral
conv_02650,love_bombing,love_bombing
conv_09363,neutral,neutral
conv_01052,direct_coercion,direct_coercion
conv_03582,direct_coercion,direct_coercion
conv_02410,charm_flattery,charm_flattery
conv_07679,direct_coercion,direct_coercion
conv_01723,love_bombing,love_bombing
conv_00249,charm_flattery,charm_flattery
conv_08360,direct_coercion,direct_coercion
conv_07886,direct_coercion,direct_coercion
conv_00254,charm_flattery,charm_flattery
conv_04547,neutral,neutral
conv_09453,passive_aggressive,passive_aggressive
conv_07246,passive_aggressive,passive_aggressive
conv_05711,direct_coercion,direct_coercion
conv_08894,direct_coercion,direct_coercion
conv_09054,charm_flattery,charm_flattery
conv_00818,passive_aggressive,passive_aggressive
conv_04914,direct_coercion,direct_coercion
conv_07614,passive_aggressive,passive_aggressive
conv_06457,direct_coercion,direct_coercion
conv_04236,neutral,neutral
conv_05066,passive_aggressive,passive_aggressive
conv_08057,neutral,neutral
conv_08055,charm_flattery,charm_flattery
conv_07409,love_bombing,love_bombing
conv_09312,passive_aggressive,passive_aggressive
conv_03878,neutral,neutral
conv_00309,gaslighting,gaslighting
conv_07118,guilt_tripping,guilt_tripping
conv_09979,guilt_tripping,guilt_tripping
conv_09289,love_bombing,love_bombing
conv_03749,neutral,neutral
conv_06143,neutral,neutral
conv_04638,guilt_tripping,guilt_tripping
conv_01353,gaslighting,gaslighting
conv_09404,gaslighting,gaslighting
conv_01260,charm_flattery,charm_flattery
conv_02502,neutral,neutral
conv_04500,passive_aggressive,passive_aggressive
conv_01597,love_bombing,love_bombing
conv_01446,love_bombing,love_bombing
conv_09100,direct_coercion,direct_coercion
conv_06981,guilt_tripping,guilt_tripping
conv_06694,charm_flattery,charm_flattery
conv_06579,direct_coercion,direct_coercion
conv_02124,neutral,neutral
conv_06406,charm_flattery,charm_flattery
conv_05114,love_bombing,love_bombing
conv_06107,guilt_tripping,guilt_tripping
conv_07415,passive_aggressive,passive_aggressive
conv_01003,charm_flattery,charm_flattery
conv_06156,guilt_tripping,guilt_tripping
conv_02834,gaslighting,gaslighting
conv_04440,love_bombing,love_bombing
conv_01854,passive_aggressive,passive_aggressive
conv_00402,charm_flattery,charm_flattery
conv_09127,charm_flattery,charm_flattery
conv_00546,gaslighting,gaslighting
conv_03307,charm_flattery,charm_flattery
conv_02672,direct_coercion,direct_coercion
conv_03438,gaslighting,gaslighting
conv_01475,gaslighting,gaslighting
conv_00103,guilt_tripping,guilt_tripping
conv_08430,love_bombing,love_bombing
conv_06426,gaslighting,gaslighting
conv_02851,neutral,neutral
conv_06709,neutral,neutral
conv_09544,direct_coercion,direct_coercion
conv_08122,charm_flattery,charm_flattery
conv_00543,passive_aggressive,passive_aggressive
conv_07565,charm_flattery,charm_flattery
conv_00553,direct_coercion,direct_coercion
conv_03463,direct_coercion,direct_coercion
conv_07808,love_bombing,love_bombing
conv_02268,passive_aggressive,passive_aggressive
conv_01256,guilt_tripping,guilt_tripping
conv_05931,guilt_tripping,guilt_tripping
conv_01487,charm_flattery,charm_flattery
conv_05434,gaslighting,gaslighting
conv_00096,guilt_tripping,guilt_tripping
conv_08938,love_bombing,love_bombing
conv_07025,charm_flattery,charm_flattery
conv_05610,charm_flattery,charm_flattery
conv_02225,charm_flattery,charm_flattery
conv_02069,charm_flattery,charm_flattery
conv_01481,gaslighting,gaslighting
conv_00635,direct_coercion,direct_coercion
conv_00689,charm_flattery,charm_flattery
conv_05416,love_bombing,love_bombing
conv_01267,love_bombing,love_bombing
conv_08244,gaslighting,gaslighting
conv_07156,love_bombing,love_bombing
conv_09123,love_bombing,love_bombing
conv_00952,love_bombing,love_bombing
conv_08495,direct_coercion,direct_coercion
conv_02283,gaslighting,gaslighting
conv_09012,direct_coercion,direct_coercion
conv_03811,charm_flattery,charm_flattery
conv_02133,passive_aggressive,passive_aggressive
conv_03910,charm_flattery,charm_flattery
conv_01094,love_bombing,love_bombing
conv_02661,passive_aggressive,passive_aggressive
conv_01463,passive_aggressive,passive_aggressive
conv_02713,gaslighting,gaslighting
conv_08356,direct_coercion,direct_coercion
conv_02193,guilt_tripping,guilt_tripping
conv_06998,direct_coercion,direct_coercion
conv_01111,neutral,neutral
conv_09218,guilt_tripping,guilt_tripping
conv_08596,passive_aggressive,passive_aggressive
conv_06460,guilt_tripping,guilt_tripping
conv_06906,direct_coercion,direct_coercion
conv_06695,charm_flattery,charm_flattery
conv_07609,gaslighting,gaslighting
conv_07738,love_bombing,love_bombing
conv_09358,passive_aggressive,passive_aggressive
conv_08812,direct_coercion,direct_coercion
conv_02161,direct_coercion,direct_coercion
conv_02066,direct_coercion,direct_coercion
conv_00551,gaslighting,gaslighting
conv_00124,guilt_tripping,guilt_tripping
conv_06533,neutral,neutral
conv_08145,love_bombing,love_bombing
conv_09206,gaslighting,gaslighting
conv_02080,neutral,neutral
conv_09071,guilt_tripping,guilt_tripping
conv_08167,direct_coercion,direct_coercion
conv_04426,neutral,neutral
conv_00354,love_bombing,love_bombing
conv_07916,passive_aggressive,passive_aggressive
conv_05252,charm_flattery,charm_flattery
conv_03607,direct_coercion,direct_coercion
conv_08050,neutral,neutral
conv_02594,guilt_tripping,guilt_tripping
conv_06964,love_bombing,love_bombing
conv_07625,charm_flattery,charm_flattery
conv_07278,gaslighting,gaslighting
conv_04598,charm_flattery,charm_flattery
conv_09190,passive_aggressive,passive_aggressive
conv_00297,love_bombing,love_bombing
conv_04918,charm_flattery,charm_flattery
conv_05536,neutral,neutral
conv_06126,neutral,neutral
conv_08648,charm_flattery,charm_flattery
conv_09345,direct_coercion,direct_coercion
conv_09619,charm_flattery,charm_flattery
conv_08492,direct_coercion,direct_coercion
conv_01889,neutral,neutral
conv_01294,love_bombing,love_bombing
conv_05213,gaslighting,gaslighting
conv_08543,love_bombing,love_bombing
conv_03304,direct_coercion,direct_coercion
conv_01955,love_bombing,love_bombing
conv_06045,gaslighting,gaslighting
conv_05182,neutral,neutral
conv_05900,passive_aggressive,passive_aggressive
conv_02638,charm_flattery,charm_flattery
conv_03324,neutral,neutral
conv_04406,passive_aggressive,passive_aggressive
conv_06576,love_bombing,love_bombing
conv_09533,guilt_tripping,guilt_tripping
conv_02289,charm_flattery,charm_flattery
conv_05125,direct_coercion,direct_coercion
conv_01439,charm_flattery,charm_flattery
conv_05446,love_bombing,love_bombing
conv_08102,love_bombing,love_bombing
conv_02272,guilt_tripping,guilt_tripping
conv_06944,direct_coercion,direct_coercion
conv_07201,neutral,neutral
conv_07584,gaslighting,gaslighting
conv_03816,neutral,neutral
conv_00746,guilt_tripping,guilt_tripping
conv_00053,direct_coercion,direct_coercion
conv_02205,passive_aggressive,passive_aggressive
conv_04017,love_bombing,love_bombing
conv_03894,neutral,neutral
conv_05749,gaslighting,gaslighting
conv_00688,neutral,neutral
conv_03477,neutral,neutral
conv_08124,direct_coercion,direct_coercion
conv_06565,gaslighting,gaslighting
conv_01226,direct_coercion,direct_coercion
conv_09017,gaslighting,gaslighting
conv_00989,gaslighting,gaslighting
conv_01292,guilt_tripping,guilt_tripping
conv_01789,charm_flattery,charm_flattery
conv_01444,direct_coercion,direct_coercion
conv_06850,direct_coercion,direct_coercion
conv_06221,neutral,neutral
conv_06672,charm_flattery,charm_flattery
conv_05963,neutral,neutral
conv_07125,neutral,neutral
conv_06702,love_bombing,love_bombing
conv_06888,gaslighting,gaslighting
conv_09110,neutral,neutral
conv_06003,neutral,neutral
conv_01805,love_bombing,love_bombing
conv_04047,passive_aggressive,passive_aggressive
conv_01782,love_bombing,love_bombing
conv_04275,neutral,neutral
conv_06829,guilt_tripping,guilt_tripping
conv_09456,passive_aggressive,passive_aggressive
conv_06826,charm_flattery,charm_flattery
conv_08944,neutral,neutral
conv_05322,direct_coercion,direct_coercion
conv_08809,neutral,neutral
conv_04216,neutral,neutral
conv_02258,gaslighting,gaslighting
conv_08739,guilt_tripping,guilt_tripping
conv_01795,love_bombing,love_bombing
conv_04675,gaslighting,gaslighting
conv_04703,gaslighting,gaslighting
conv_07624,gaslighting,gaslighting
conv_09475,neutral,neutral
conv_09426,charm_flattery,charm_flattery
conv_07899,gaslighting,gaslighting
conv_05306,neutral,neutral
conv_01031,guilt_tripping,guilt_tripping
conv_08775,direct_coercion,direct_coercion
conv_06038,guilt_tripping,guilt_tripping
conv_04958,passive_aggressive,passive_aggressive
conv_07715,neutral,neutral
conv_01801,neutral,neutral
conv_09810,gaslighting,gaslighting
conv_01913,gaslighting,gaslighting
conv_04915,gaslighting,gaslighting
conv_08549,charm_flattery,charm_flattery
conv_06084,guilt_tripping,guilt_tripping
conv_04119,guilt_tripping,guilt_tripping
conv_08017,passive_aggressive,passive_aggressive
conv_08802,neutral,neutral
conv_05351,neutral,neutral
conv_09486,guilt_tripping,guilt_tripping
conv_03819,passive_aggressive,passive_aggressive
conv_07517,charm_flattery,charm_flattery
conv_07058,gaslighting,gaslighting
conv_06762,neutral,neutral
conv_07937,love_bombing,love_bombing
conv_04310,guilt_tripping,guilt_tripping
conv_01829,direct_coercion,direct_coercion
conv_07211,direct_coercion,direct_coercion
conv_03278,passive_aggressive,passive_aggressive
conv_07207,direct_coercion,direct_coercion
conv_03055,neutral,neutral
conv_09024,charm_flattery,charm_flattery
conv_07368,guilt_tripping,guilt_tripping
conv_00046,gaslighting,gaslighting
conv_01798,gaslighting,gaslighting
conv_07870,passive_aggressive,passive_aggressive
conv_09919,passive_aggressive,passive_aggressive
conv_03087,gaslighting,gaslighting
conv_07959,direct_coercion,direct_coercion
conv_07667,gaslighting,gaslighting
conv_07929,charm_flattery,charm_flattery
conv_09449,love_bombing,love_bombing
conv_05469,neutral,neutral
conv_02428,charm_flattery,charm_flattery
conv_06168,love_bombing,love_bombing
conv_04374,direct_coercion,direct_coercion
conv_06736,neutral,neutral
conv_05960,passive_aggressive,passive_aggressive
conv_02451,charm_flattery,charm_flattery
conv_08220,neutral,neutral
conv_00506,love_bombing,love_bombing
conv_00356,gaslighting,gaslighting
conv_06071,direct_coercion,direct_coercion
conv_04001,charm_flattery,charm_flattery
conv_06072,love_bombing,love_bombing
conv_02081,gaslighting,gaslighting
conv_06931,gaslighting,gaslighting
conv_05710,charm_flattery,charm_flattery
conv_03164,direct_coercion,direct_coercion
conv_02982,direct_coercion,direct_coercion
conv_05691,passive_aggressive,passive_aggressive
conv_01573,charm_flattery,charm_flattery
conv_04211,love_bombing,love_bombing
conv_02023,charm_flattery,charm_flattery
conv_03420,love_bombing,love_bombing
conv_05449,guilt_tripping,guilt_tripping
conv_04199,love_bombing,love_bombing
conv_09987,gaslighting,gaslighting
conv_08099,neutral,neutral
conv_08649,direct_coercion,direct_coercion
conv_01464,gaslighting,gaslighting
conv_08980,direct_coercion,direct_coercion
conv_03997,charm_flattery,charm_flattery
conv_02968,guilt_tripping,guilt_tripping
conv_05730,neutral,neutral
conv_04507,gaslighting,gaslighting
conv_08828,love_bombing,love_bombing
conv_05578,direct_coercion,direct_coercion
conv_07727,neutral,neutral
conv_07813,love_bombing,love_bombing
conv_09576,passive_aggressive,passive_aggressive
conv_05550,charm_flattery,charm_flattery
conv_00190,gaslighting,gaslighting
conv_01200,direct_coercion,direct_coercion
conv_03331,love_bombing,love_bombing
conv_04861,neutral,neutral
conv_04065,charm_flattery,charm_flattery
conv_04323,gaslighting,gaslighting
conv_06279,charm_flattery,charm_flattery
conv_05843,passive_aggressive,passive_aggressive
conv_03234,passive_aggressive,passive_aggressive
conv_05990,guilt_tripping,guilt_tripping
conv_01633,gaslighting,gaslighting
conv_05744,passive_aggressive,passive_aggressive
conv_01766,gaslighting,gaslighting
conv_03974,gaslighting,gaslighting
conv_01403,charm_flattery,charm_flattery
conv_09542,charm_flattery,charm_flattery
conv_07683,love_bombing,love_bombing
conv_09874,neutral,neutral
conv_08907,love_bombing,love_bombing
conv_08240,neutral,neutral
conv_06064,neutral,neutral
conv_05150,direct_coercion,direct_coercion
conv_02072,charm_flattery,charm_flattery
conv_05193,guilt_tripping,guilt_tripping
conv_07381,guilt_tripping,guilt_tripping
conv_03824,neutral,neutral
conv_01271,direct_coercion,direct_coercion
conv_04743,charm_flattery,charm_flattery
conv_02343,direct_coercion,direct_coercion
conv_02337,guilt_tripping,guilt_tripping
conv_04854,neutral,neutral
conv_09481,guilt_tripping,guilt_tripping
conv_02450,charm_flattery,charm_flattery
conv_04711,passive_aggressive,passive_aggressive
conv_09097,gaslighting,gaslighting
conv_09933,charm_flattery,charm_flattery
conv_02787,guilt_tripping,guilt_tripping
conv_01623,charm_flattery,charm_flattery
conv_07492,love_bombing,love_bombing
conv_00642,gaslighting,gaslighting
conv_01595,passive_aggressive,passive_aggressive
conv_07314,gaslighting,gaslighting
conv_09711,gaslighting,gaslighting
conv_05230,passive_aggressive,passive_aggressive
conv_06002,charm_flattery,charm_flattery
conv_03182,love_bombing,love_bombing
conv_07293,direct_coercion,direct_coercion
conv_06415,guilt_tripping,guilt_tripping
conv_08909,charm_flattery,charm_flattery
conv_06909,passive_aggressive,passive_aggressive
conv_05735,direct_coercion,direct_coercion
conv_09588,guilt_tripping,guilt_tripping
conv_07237,neutral,neutral
conv_08788,gaslighting,gaslighting
conv_04520,love_bombing,love_bombing
conv_06231,love_bombing,love_bombing
conv_02470,gaslighting,gaslighting
conv_00163,gaslighting,gaslighting
conv_01455,neutral,neutral
conv_07011,direct_coercion,direct_coercion
conv_00092,guilt_tripping,guilt_tripping
conv_09386,direct_coercion,direct_coercion
conv_05061,gaslighting,gaslighting
conv_05777,neutral,neutral
conv_04360,passive_aggressive,passive_aggressive
conv_02022,neutral,neutral
conv_05587,love_bombing,love_bombing
conv_06215,neutral,neutral
conv_01476,neutral,neutral
conv_09354,gaslighting,gaslighting
conv_05569,guilt_tripping,guilt_tripping
conv_00760,direct_coercion,direct_coercion
conv_07931,direct_coercion,direct_coercion
conv_01968,guilt_tripping,guilt_tripping
conv_01598,guilt_tripping,guilt_tripping
conv_04816,direct_coercion,direct_coercion
conv_07572,charm_flattery,charm_flattery
conv_02664,charm_flattery,charm_flattery
conv_06007,love_bombing,love_bombing
conv_08548,passive_aggressive,passive_aggressive
conv_09562,love_bombing,love_bombing
conv_06017,direct_coercion,direct_coercion
conv_01012,love_bombing,love_bombing
conv_01951,passive_aggressive,passive_aggressive
conv_09150,gaslighting,gaslighting
conv_05597,guilt_tripping,guilt_tripping
conv_07641,guilt_tripping,guilt_tripping
conv_05715,neutral,neutral
conv_06041,neutral,neutral
conv_09066,charm_flattery,charm_flattery
conv_02646,love_bombing,love_bombing
conv_09548,passive_aggressive,passive_aggressive
conv_08925,love_bombing,love_bombing
conv_06371,love_bombing,love_bombing
conv_00126,gaslighting,gaslighting
conv_08550,love_bombing,love_bombing
conv_04280,love_bombing,love_bombing
conv_06332,passive_aggressive,passive_aggressive
conv_03378,neutral,neutral
conv_03917,gaslighting,gaslighting
conv_05945,neutral,neutral
conv_08369,passive_aggressive,passive_aggressive
conv_07306,gaslighting,gaslighting
conv_07943,love_bombing,love_bombing
conv_03782,love_bombing,love_bombing
conv_09216,neutral,neutral
conv_07664,direct_coercion,direct_coercion
conv_02738,love_bombing,love_bombing
conv_00694,love_bombing,love_bombing
conv_07226,gaslighting,gaslighting
conv_01580,guilt_tripping,guilt_tripping
conv_00552,love_bombing,love_bombing
conv_09685,direct_coercion,direct_coercion
conv_00533,neutral,neutral
conv_00008,love_bombing,love_bombing
conv_02364,love_bombing,love_bombing
conv_05103,direct_coercion,direct_coercion
conv_05394,passive_aggressive,passive_aggressive
conv_09742,love_bombing,love_bombing
conv_08078,gaslighting,gaslighting
conv_06836,guilt_tripping,guilt_tripping
conv_05824,charm_flattery,charm_flattery
conv_08260,neutral,neutral
conv_04655,guilt_tripping,guilt_tripping
conv_02994,charm_flattery,charm_flattery
conv_00250,direct_coercion,direct_coercion
conv_08450,passive_aggressive,passive_aggressive
conv_00982,love_bombing,love_bombing
conv_04567,guilt_tripping,guilt_tripping
conv_03394,gaslighting,gaslighting
conv_08917,direct_coercion,direct_coercion
conv_04804,neutral,neutral
conv_00970,charm_flattery,charm_flattery
conv_08657,gaslighting,gaslighting
conv_06965,neutral,neutral
conv_02029,guilt_tripping,guilt_tripping
conv_01950,direct_coercion,direct_coercion
conv_08060,love_bombing,love_bombing
conv_00443,gaslighting,gaslighting
conv_01229,direct_coercion,direct_coercion
conv_00610,gaslighting,gaslighting
conv_06050,passive_aggressive,passive_aggressive
conv_07188,direct_coercion,direct_coercion
conv_00023,love_bombing,love_bombing
conv_04635,gaslighting,gaslighting
conv_03443,neutral,neutral
conv_06749,direct_coercion,direct_coercion
conv_03456,direct_coercion,direct_coercion
conv_01130,guilt_tripping,guilt_tripping
conv_00840,gaslighting,gaslighting
conv_07273,love_bombing,love_bombing
conv_03079,neutral,neutral
conv_04580,charm_flattery,charm_flattery
conv_08753,charm_flattery,charm_flattery
conv_03470,love_bombing,love_bombing
conv_04427,love_bombing,love_bombing
conv_07051,charm_flattery,charm_flattery
conv_04173,passive_aggressive,passive_aggressive
conv_08318,charm_flattery,charm_flattery
conv_05028,love_bombing,love_bombing
conv_06996,guilt_tripping,guilt_tripping
conv_00673,love_bombing,love_bombing
conv_09615,guilt_tripping,guilt_tripping
conv_07216,charm_flattery,charm_flattery
conv_05867,gaslighting,gaslighting
conv_07568,direct_coercion,direct_coercion
conv_06560,gaslighting,gaslighting
conv_02978,guilt_tripping,guilt_tripping
conv_05108,passive_aggressive,passive_aggressive
conv_07772,love_bombing,love_bombing
conv_09925,love_bombing,love_bombing
conv_07988,gaslighting,gaslighting
conv_02101,passive_aggressive,passive_aggressive
conv_06108,direct_coercion,direct_coercion
conv_09698,passive_aggressive,passive_aggressive
conv_02685,love_bombing,love_bombing
conv_02742,passive_aggressive,passive_aggressive
conv_06991,neutral,neutral
conv_03553,gaslighting,gaslighting
conv_09790,love_bombing,love_bombing
conv_09485,neutral,neutral
conv_02405,guilt_tripping,guilt_tripping
conv_07113,direct_coercion,direct_coercion
conv_02737,passive_aggressive,passive_aggressive
conv_07725,gaslighting,gaslighting
conv_00961,neutral,neutral
conv_09538,neutral,neutral
conv_08590,direct_coercion,direct_coercion
conv_06959,neutral,neutral
conv_06229,direct_coercion,direct_coercion
conv_01158,guilt_tripping,guilt_tripping
conv_05538,neutral,neutral
conv_07447,passive_aggressive,passive_aggressive
conv_02256,direct_coercion,direct_coercion
conv_06680,guilt_tripping,guilt_tripping
conv_04504,neutral,neutral
conv_02049,passive_aggressive,passive_aggressive
conv_02201,passive_aggressive,passive_aggressive
conv_01704,charm_flattery,charm_flattery
conv_09393,passive_aggressive,passive_aggressive
conv_07841,passive_aggressive,passive_aggressive
conv_01946,passive_aggressive,passive_aggressive
conv_04512,passive_aggressive,passive_aggressive
conv_08070,passive_aggressive,passive_aggressive
conv_02615,love_bombing,love_bombing
conv_02490,direct_coercion,direct_coercion
conv_08173,neutral,neutral
conv_08991,direct_coercion,direct_coercion
conv_03953,neutral,neutral
conv_00835,love_bombing,love_bombing
conv_01843,neutral,neutral
conv_02619,passive_aggressive,passive_aggressive
conv_07741,guilt_tripping,guilt_tripping
conv_06538,gaslighting,gaslighting
conv_00295,charm_flattery,charm_flattery
conv_03490,direct_coercion,direct_coercion
conv_05006,love_bombing,love_bombing
conv_00218,direct_coercion,direct_coercion
conv_05313,gaslighting,gaslighting
conv_04689,guilt_tripping,guilt_tripping
conv_07853,passive_aggressive,passive_aggressive
conv_07176,charm_flattery,charm_flattery
conv_00044,direct_coercion,direct_coercion
conv_00757,neutral,neutral
conv_06160,charm_flattery,charm_flattery
conv_08777,neutral,neutral
conv_08605,direct_coercion,direct_coercion
conv_08336,charm_flattery,charm_flattery
conv_09678,neutral,neutral
conv_06152,love_bombing,love_bombing
conv_00567,gaslighting,gaslighting
conv_03149,guilt_tripping,guilt_tripping
conv_03366,direct_coercion,direct_coercion
conv_07418,charm_flattery,charm_flattery
conv_07977,charm_flattery,charm_flattery
conv_01560,guilt_tripping,guilt_tripping
conv_05467,neutral,neutral
conv_00979,direct_coercion,direct_coercion
conv_05792,passive_aggressive,passive_aggressive
conv_06057,direct_coercion,direct_coercion
conv_06966,love_bombing,love_bombing
conv_03635,gaslighting,gaslighting
conv_08188,guilt_tripping,guilt_tripping
conv_00266,passive_aggressive,passive_aggressive
conv_05892,charm_flattery,charm_flattery
conv_04133,love_bombing,love_bombing
conv_09211,direct_coercion,direct_coercion
conv_00998,charm_flattery,charm_flattery
conv_01815,passive_aggressive,passive_aggressive
conv_05461,gaslighting,gaslighting
conv_01001,love_bombing,love_bombing
conv_04205,love_bombing,love_bombing
conv_06586,charm_flattery,charm_flattery
conv_08673,passive_aggressive,passive_aggressive
conv_08574,direct_coercion,direct_coercion
conv_06031,gaslighting,gaslighting
conv_08011,guilt_tripping,guilt_tripping
conv_05976,charm_flattery,charm_flattery
conv_09516,direct_coercion,direct_coercion
conv_04662,charm_flattery,charm_flattery
conv_04651,direct_coercion,direct_coercion
conv_00628,guilt_tripping,guilt_tripping
conv_01059,gaslighting,gaslighting
conv_05518,guilt_tripping,guilt_tripping
conv_04213,neutral,neutral
conv_09667,neutral,neutral
conv_05784,charm_flattery,charm_flattery
conv_02092,neutral,neutral
conv_04107,charm_flattery,charm_flattery
conv_09042,gaslighting,gaslighting
conv_06175,direct_coercion,direct_coercion
conv_03253,neutral,neutral
conv_01678,charm_flattery,charm_flattery
conv_00853,charm_flattery,charm_flattery
conv_03306,direct_coercion,direct_coercion
conv_00649,passive_aggressive,passive_aggressive
conv_09950,neutral,neutral
conv_06046,neutral,neutral
conv_01552,charm_flattery,charm_flattery
conv_00651,direct_coercion,direct_coercion
conv_00285,direct_coercion,direct_coercion
conv_02688,charm_flattery,charm_flattery
conv_05362,direct_coercion,direct_coercion
conv_01767,direct_coercion,direct_coercion
conv_03502,neutral,neutral
conv_06338,direct_coercion,direct_coercion
conv_08638,love_bombing,love_bombing
conv_03281,love_bombing,love_bombing
conv_06325,charm_flattery,charm_flattery
conv_03077,love_bombing,love_bombing
conv_07753,neutral,neutral
conv_06972,charm_flattery,charm_flattery
conv_08782,passive_aggressive,passive_aggressive
conv_03333,neutral,neutral
conv_03925,love_bombing,love_bombing
conv_06252,charm_flattery,charm_flattery
conv_06940,neutral,neutral
conv_09279,charm_flattery,charm_flattery
conv_07459,charm_flattery,charm_flattery
conv_06467,direct_coercion,direct_coercion
conv_09044,guilt_tripping,guilt_tripping
conv_04612,direct_coercion,direct_coercion
conv_05090,neutral,neutral
conv_04006,gaslighting,gaslighting
conv_03299,gaslighting,gaslighting
conv_04078,neutral,neutral
conv_02656,direct_coercion,direct_coercion
conv_07534,gaslighting,gaslighting
conv_09402,love_bombing,love_bombing
conv_01567,love_bombing,love_bombing
conv_02229,direct_coercion,direct_coercion
conv_04549,direct_coercion,direct_coercion
conv_01521,guilt_tripping,guilt_tripping
conv_01526,gaslighting,gaslighting
conv_06770,guilt_tripping,guilt_tripping
conv_05068,love_bombing,love_bombing
conv_07770,love_bombing,love_bombing
conv_04053,gaslighting,gaslighting
conv_09348,gaslighting,gaslighting
conv_05003,charm_flattery,charm_flattery
conv_01342,gaslighting,gaslighting
conv_02132,charm_flattery,charm_flattery
conv_03417,gaslighting,gaslighting
conv_02869,charm_flattery,charm_flattery
conv_01565,neutral,neutral
conv_03817,direct_coercion,direct_coercion
conv_03613,love_bombing,love_bombing
conv_06555,gaslighting,gaslighting
conv_04400,guilt_tripping,guilt_tripping
conv_05135,passive_aggressive,passive_aggressive
conv_06612,neutral,neutral
conv_07838,charm_flattery,charm_flattery
conv_07121,neutral,neutral
conv_04917,charm_flattery,charm_flattery
conv_07506,passive_aggressive,passive_aggressive
conv_02447,gaslighting,gaslighting
conv_09133,love_bombing,love_bombing
conv_00750,passive_aggressive,passive_aggressive
conv_08908,charm_flattery,charm_flattery
conv_04562,gaslighting,gaslighting
conv_01270,neutral,neutral
conv_09983,direct_coercion,direct_coercion
conv_05997,direct_coercion,direct_coercion
conv_02427,gaslighting,gaslighting
conv_07192,love_bombing,love_bombing
conv_02993,gaslighting,gaslighting
conv_01304,gaslighting,gaslighting
conv_09962,charm_flattery,charm_flattery
conv_05745,neutral,neutral
conv_06563,neutral,neutral
conv_02438,charm_flattery,charm_flattery
conv_06454,neutral,neutral
conv_02353,charm_flattery,charm_flattery
conv_00924,passive_aggressive,passive_aggressive
conv_00790,charm_flattery,charm_flattery
conv_05231,passive_aggressive,passive_aggressive
conv_01098,charm_flattery,charm_flattery
conv_02855,neutral,neutral
conv_03007,passive_aggressive,passive_aggressive
conv_06670,passive_aggressive,passive_aggressive
conv_01369,passive_aggressive,passive_aggressive
conv_01764,gaslighting,gaslighting
conv_06571,guilt_tripping,guilt_tripping
conv_05969,love_bombing,love_bombing
conv_00482,guilt_tripping,guilt_tripping
conv_02923,charm_flattery,charm_flattery
conv_01449,charm_flattery,charm_flattery
conv_06741,direct_coercion,direct_coercion
conv_01020,direct_coercion,direct_coercion
conv_03589,gaslighting,gaslighting
conv_02221,neutral,neutral
conv_05989,direct_coercion,direct_coercion
conv_09424,neutral,neutral
conv_00993,neutral,neutral
conv_01518,gaslighting,gaslighting
conv_08871,charm_flattery,charm_flattery
conv_01289,gaslighting,gaslighting
conv_00659,love_bombing,love_bombing
conv_03535,charm_flattery,charm_flattery
conv_08663,guilt_tripping,guilt_tripping
conv_06534,love_bombing,love_bombing
conv_06787,charm_flattery,charm_flattery
conv_04895,passive_aggressive,passive_aggressive
conv_06935,direct_coercion,direct_coercion
conv_08759,gaslighting,gaslighting
conv_08345,neutral,neutral
conv_05462,guilt_tripping,guilt_tripping
conv_03365,direct_coercion,direct_coercion
conv_00861,gaslighting,gaslighting
conv_01117,guilt_tripping,guilt_tripping
conv_02927,guilt_tripping,guilt_tripping
conv_03282,love_bombing,love_bombing
conv_02195,love_bombing,love_bombing
conv_05602,gaslighting,gaslighting
conv_08836,neutral,neutral
conv_01863,guilt_tripping,guilt_tripping
conv_00397,direct_coercion,direct_coercion
conv_06605,neutral,neutral
conv_05149,charm_flattery,charm_flattery
conv_06885,neutral,neutral
conv_05734,charm_flattery,charm_flattery
conv_00776,love_bombing,love_bombing
conv_07745,gaslighting,gaslighting
conv_01297,charm_flattery,charm_flattery
conv_07186,charm_flattery,charm_flattery
conv_02113,guilt_tripping,guilt_tripping
conv_00817,gaslighting,gaslighting
conv_09240,love_bombing,love_bombing
conv_00102,charm_flattery,charm_flattery
conv_00585,charm_flattery,charm_flattery
conv_03763,neutral,neutral
conv_07395,love_bombing,love_bombing
conv_08700,love_bombing,love_bombing
conv_04691,direct_coercion,direct_coercion
conv_03863,love_bombing,love_bombing
conv_08878,neutral,neutral
conv_04820,guilt_tripping,guilt_tripping
conv_03128,charm_flattery,charm_flattery
conv_04604,passive_aggressive,passive_aggressive
conv_04476,guilt_tripping,guilt_tripping
conv_04167,neutral,neutral
conv_09636,neutral,neutral
conv_01929,neutral,neutral
conv_04220,love_bombing,love_bombing
conv_08779,direct_coercion,direct_coercion
conv_03332,gaslighting,gaslighting
conv_07852,direct_coercion,direct_coercion
conv_04204,passive_aggressive,passive_aggressive
conv_06157,love_bombing,love_bombing
conv_03329,direct_coercion,direct_coercion
conv_01865,charm_flattery,charm_flattery
conv_04070,gaslighting,gaslighting
conv_03773,direct_coercion,direct_coercion
conv_05747,passive_aggressive,passive_aggressive
conv_08864,gaslighting,gaslighting
conv_08585,passive_aggressive,passive_aggressive
conv_09954,neutral,neutral
conv_04228,love_bombing,love_bombing
conv_03330,neutral,neutral
conv_01162,gaslighting,gaslighting
conv_03374,gaslighting,gaslighting
conv_03106,neutral,neutral
conv_08853,charm_flattery,charm_flattery
conv_06859,neutral,neutral
conv_07284,direct_coercion,direct_coercion
conv_04076,passive_aggressive,passive_aggressive
conv_09455,guilt_tripping,guilt_tripping
conv_05923,passive_aggressive,passive_aggressive
conv_02637,charm_flattery,charm_flattery
conv_04707,guilt_tripping,guilt_tripping
conv_03122,direct_coercion,direct_coercion
conv_09130,charm_flattery,charm_flattery
conv_01279,neutral,neutral
conv_01355,guilt_tripping,guilt_tripping
conv_01677,guilt_tripping,guilt_tripping
conv_02396,passive_aggressive,passive_aggressive
conv_06418,direct_coercion,direct_coercion
conv_05321,gaslighting,gaslighting
conv_05267,guilt_tripping,guilt_tripping
conv_06864,charm_flattery,charm_flattery
conv_08646,passive_aggressive,passive_aggressive
conv_07185,charm_flattery,charm_flattery
conv_04394,neutral,neutral
conv_01035,love_bombing,love_bombing
conv_05959,guilt_tripping,guilt_tripping
conv_08983,gaslighting,gaslighting
conv_07217,passive_aggressive,passive_aggressive
conv_07891,love_bombing,love_bombing
conv_05697,love_bombing,love_bombing
conv_07149,passive_aggressive,passive_aggressive
conv_09750,guilt_tripping,guilt_tripping
conv_00011,passive_aggressive,passive_aggressive
conv_08417,gaslighting,gaslighting
conv_00247,neutral,neutral
conv_01017,love_bombing,love_bombing
conv_03919,charm_flattery,charm_flattery
conv_08000,neutral,neutral
conv_01240,gaslighting,gaslighting
conv_08371,gaslighting,gaslighting
conv_01932,neutral,neutral
conv_00858,guilt_tripping,guilt_tripping
conv_06898,direct_coercion,direct_coercion
conv_06916,direct_coercion,direct_coercion
conv_04642,gaslighting,gaslighting
conv_01263,direct_coercion,direct_coercion
conv_08555,passive_aggressive,passive_aggressive
conv_08597,passive_aggressive,passive_aggressive
conv_06707,passive_aggressive,passive_aggressive
conv_00098,guilt_tripping,guilt_tripping
conv_07889,charm_flattery,charm_flattery
conv_06892,gaslighting,gaslighting
conv_01846,guilt_tripping,guilt_tripping
conv_07974,direct_coercion,direct_coercion
conv_01539,guilt_tripping,guilt_tripping
conv_05717,love_bombing,love_bombing
conv_07150,passive_aggressive,passive_aggressive
conv_00139,direct_coercion,direct_coercion
conv_06178,love_bombing,love_bombing
conv_02762,love_bombing,love_bombing
conv_05584,direct_coercion,direct_coercion
conv_07184,charm_flattery,charm_flattery
conv_01542,love_bombing,love_bombing
conv_08675,gaslighting,gaslighting
conv_00379,passive_aggressive,passive_aggressive
conv_07364,passive_aggressive,passive_aggressive
conv_01969,guilt_tripping,guilt_tripping
conv_03627,charm_flattery,charm_flattery
conv_08245,neutral,neutral
conv_09330,neutral,neutral
conv_09411,direct_coercion,direct_coercion
conv_08826,love_bombing,love_bombing
conv_01618,gaslighting,gaslighting
conv_04020,direct_coercion,direct_coercion
conv_08516,love_bombing,love_bombing
conv_03812,passive_aggressive,passive_aggressive
conv_06728,gaslighting,gaslighting
conv_02015,guilt_tripping,guilt_tripping
conv_02912,gaslighting,gaslighting
conv_00997,gaslighting,gaslighting
conv_08334,neutral,neutral
conv_04572,charm_flattery,charm_flattery
conv_00234,charm_flattery,charm_flattery
conv_01940,neutral,neutral
conv_02311,passive_aggressive,passive_aggressive
conv_09385,gaslighting,gaslighting
conv_08926,guilt_tripping,guilt_tripping
conv_08990,love_bombing,love_bombing
conv_00035,guilt_tripping,guilt_tripping
conv_06941,passive_aggressive,passive_aggressive
conv_05495,gaslighting,gaslighting
conv_00378,love_bombing,love_bombing
conv_07095,neutral,neutral
conv_07147,charm_flattery,charm_flattery
conv_02887,neutral,neutral
conv_01551,direct_coercion,direct_coercion
conv_08363,charm_flattery,charm_flattery
conv_06838,passive_aggressive,passive_aggressive
conv_02668,direct_coercion,direct_coercion
conv_06737,passive_aggressive,passive_aggressive
conv_01058,direct_coercion,direct_coercion
conv_07103,charm_flattery,charm_flattery
conv_07775,love_bombing,love_bombing
conv_08352,gaslighting,gaslighting
conv_09580,charm_flattery,charm_flattery
conv_03264,charm_flattery,charm_flattery
conv_02020,guilt_tripping,guilt_tripping
conv_00012,neutral,neutral
conv_00938,guilt_tripping,guilt_tripping
conv_05794,charm_flattery,charm_flattery
conv_02243,passive_aggressive,passive_aggressive
conv_00618,neutral,neutral
conv_08221,neutral,neutral
conv_09202,passive_aggressive,passive_aggressive
conv_02194,guilt_tripping,guilt_tripping
conv_06861,neutral,neutral
conv_04000,love_bombing,love_bombing
conv_06948,guilt_tripping,guilt_tripping
conv_09727,neutral,neutral
conv_06004,neutral,neutral
conv_06616,neutral,neutral
conv_08030,charm_flattery,charm_flattery
conv_04578,direct_coercion,direct_coercion
conv_09207,passive_aggressive,passive_aggressive
conv_04289,passive_aggressive,passive_aggressive
conv_03445,gaslighting,gaslighting
conv_05201,direct_coercion,direct_coercion
conv_04025,gaslighting,gaslighting
conv_07856,neutral,neutral
conv_03518,charm_flattery,charm_flattery
conv_01424,love_bombing,love_bombing
conv_03050,gaslighting,gaslighting
conv_07500,neutral,neutral
conv_00630,passive_aggressive,passive_aggressive
conv_01390,gaslighting,gaslighting
conv_03246,charm_flattery,charm_flattery
conv_04362,neutral,neutral
conv_09553,neutral,neutral
conv_00629,gaslighting,gaslighting
conv_09217,love_bombing,love_bombing
conv_05752,charm_flattery,charm_flattery
conv_02269,guilt_tripping,guilt_tripping
conv_09132,love_bombing,love_bombing
conv_00692,direct_coercion,direct_coercion
conv_07380,passive_aggressive,passive_aggressive
conv_07707,neutral,neutral
conv_03218,love_bombing,love_bombing
conv_09648,guilt_tripping,guilt_tripping
conv_04151,gaslighting,gaslighting
conv_08977,direct_coercion,direct_coercion
conv_09519,direct_coercion,direct_coercion
conv_03670,direct_coercion,direct_coercion
conv_07786,love_bombing,love_bombing
conv_02237,charm_flattery,charm_flattery
conv_05948,gaslighting,gaslighting
conv_07391,neutral,neutral
conv_01495,passive_aggressive,passive_aggressive
conv_09003,neutral,neutral
conv_00604,neutral,neutral
conv_01503,love_bombing,love_bombing
conv_09351,passive_aggressive,passive_aggressive
conv_02618,love_bombing,love_bombing
conv_08681,neutral,neutral
conv_06190,charm_flattery,charm_flattery
conv_09505,love_bombing,love_bombing
conv_03294,gaslighting,gaslighting
conv_03085,charm_flattery,charm_flattery
conv_02457,gaslighting,gaslighting
conv_03851,gaslighting,gaslighting
conv_08084,gaslighting,gaslighting
conv_07673,charm_flattery,charm_flattery
conv_01361,charm_flattery,charm_flattery
conv_01657,gaslighting,gaslighting
conv_04399,gaslighting,gaslighting
conv_08572,gaslighting,gaslighting
conv_06726,passive_aggressive,passive_aggressive
conv_01320,charm_flattery,charm_flattery
conv_01553,passive_aggressive,passive_aggressive
conv_00495,passive_aggressive,passive_aggressive
conv_08674,guilt_tripping,guilt_tripping
conv_06427,guilt_tripping,guilt_tripping
conv_00704,direct_coercion,direct_coercion
conv_00770,gaslighting,gaslighting
conv_01314,neutral,neutral
conv_01133,neutral,neutral
conv_03314,gaslighting,gaslighting
conv_07384,guilt_tripping,guilt_tripping
conv_01600,gaslighting,gaslighting
conv_08999,passive_aggressive,passive_aggressive
conv_01517,neutral,neutral
conv_08714,gaslighting,gaslighting
conv_08784,charm_flattery,charm_flattery
conv_04499,guilt_tripping,guilt_tripping
conv_02220,guilt_tripping,guilt_tripping
conv_02746,charm_flattery,charm_flattery
conv_00805,love_bombing,love_bombing
conv_06304,neutral,neutral
conv_08660,neutral,neutral
conv_01278,guilt_tripping,guilt_tripping
conv_04787,direct_coercion,direct_coercion
conv_07816,guilt_tripping,guilt_tripping
conv_09491,love_bombing,love_bombing
conv_06494,guilt_tripping,guilt_tripping
conv_06413,guilt_tripping,guilt_tripping
conv_04314,love_bombing,love_bombing
conv_02366,love_bombing,love_bombing
conv_02005,guilt_tripping,guilt_tripping
conv_01243,charm_flattery,charm_flattery
conv_03902,charm_flattery,charm_flattery
conv_00323,passive_aggressive,passive_aggressive
conv_01429,charm_flattery,charm_flattery
conv_05198,charm_flattery,charm_flattery
conv_04350,charm_flattery,charm_flattery
conv_00199,direct_coercion,direct_coercion
conv_07115,passive_aggressive,passive_aggressive
conv_04538,neutral,neutral
conv_04536,neutral,neutral
conv_05265,guilt_tripping,guilt_tripping
conv_03292,love_bombing,love_bombing
conv_00569,guilt_tripping,guilt_tripping
conv_09115,neutral,neutral
conv_03065,charm_flattery,charm_flattery
conv_03377,passive_aggressive,passive_aggressive
conv_00360,direct_coercion,direct_coercion
conv_01252,gaslighting,gaslighting
conv_06078,passive_aggressive,passive_aggressive
conv_05209,love_bombing,love_bombing
conv_04238,direct_coercion,direct_coercion
conv_05560,passive_aggressive,passive_aggressive
conv_03136,gaslighting,gaslighting
conv_06780,love_bombing,love_bombing
conv_05760,passive_aggressive,passive_aggressive
conv_00110,gaslighting,gaslighting
conv_06911,direct_coercion,direct_coercion
conv_09284,passive_aggressive,passive_aggressive
conv_02187,passive_aggressive,passive_aggressive
conv_00383,love_bombing,love_bombing
conv_08929,passive_aggressive,passive_aggressive
conv_01756,charm_flattery,charm_flattery
conv_06433,love_bombing,love_bombing
conv_09785,direct_coercion,direct_coercion
conv_03632,gaslighting,gaslighting
conv_07488,neutral,neutral
conv_04697,love_bombing,love_bombing
conv_03892,passive_aggressive,passive_aggressive
conv_05428,charm_flattery,charm_flattery
conv_08876,love_bombing,love_bombing
conv_02592,gaslighting,gaslighting
conv_02555,passive_aggressive,passive_aggressive
conv_06122,guilt_tripping,guilt_tripping
conv_06746,guilt_tripping,guilt_tripping
conv_05384,gaslighting,gaslighting
conv_03564,direct_coercion,direct_coercion
conv_05326,passive_aggressive,passive_aggressive
conv_09970,charm_flattery,charm_flattery
conv_09813,guilt_tripping,guilt_tripping
conv_07441,love_bombing,love_bombing
conv_07728,love_bombing,love_bombing
conv_01460,direct_coercion,direct_coercion
conv_05579,charm_flattery,charm_flattery
conv_00517,guilt_tripping,guilt_tripping
conv_00519,passive_aggressive,passive_aggressive
conv_06439,passive_aggressive,passive_aggressive
conv_07169,charm_flattery,charm_flattery
conv_06675,charm_flattery,charm_flattery
conv_06488,gaslighting,gaslighting
conv_08199,neutral,neutral
conv_00318,guilt_tripping,guilt_tripping
conv_05615,direct_coercion,direct_coercion
conv_07299,neutral,neutral
conv_03515,neutral,neutral
conv_01707,love_bombing,love_bombing
conv_07076,neutral,neutral
conv_08619,charm_flattery,charm_flattery
conv_07686,charm_flattery,charm_flattery
conv_01249,neutral,neutral
conv_03432,charm_flattery,charm_flattery
conv_03434,gaslighting,gaslighting
conv_06595,direct_coercion,direct_coercion
conv_09061,passive_aggressive,passive_aggressive
conv_03726,charm_flattery,charm_flattery
conv_02216,love_bombing,love_bombing
conv_02695,love_bombing,love_bombing
conv_00991,charm_flattery,charm_flattery
conv_09162,direct_coercion,direct_coercion
conv_07160,guilt_tripping,guilt_tripping
conv_03586,guilt_tripping,guilt_tripping
conv_02678,gaslighting,gaslighting
conv_07263,gaslighting,gaslighting
conv_02040,direct_coercion,direct_coercion
conv_02204,neutral,neutral
conv_05203,passive_aggressive,passive_aggressive
conv_02980,gaslighting,gaslighting
conv_09923,charm_flattery,charm_flattery
conv_08113,passive_aggressive,passive_aggressive
conv_03757,passive_aggressive,passive_aggressive
conv_00324,passive_aggressive,passive_aggressive
conv_08095,direct_coercion,direct_coercion
conv_05562,love_bombing,love_bombing
conv_08969,love_bombing,love_bombing
conv_09996,guilt_tripping,guilt_tripping
conv_05611,direct_coercion,direct_coercion
conv_06362,love_bombing,love_bombing
conv_08988,neutral,neutral
conv_03262,direct_coercion,direct_coercion
conv_08858,charm_flattery,charm_flattery
conv_00358,gaslighting,gaslighting
conv_03929,neutral,neutral
conv_07414,passive_aggressive,passive_aggressive
conv_01682,direct_coercion,direct_coercion
conv_04044,gaslighting,gaslighting
conv_05807,gaslighting,gaslighting
conv_03755,love_bombing,love_bombing
conv_06258,charm_flattery,charm_flattery
conv_00878,guilt_tripping,guilt_tripping
conv_01218,passive_aggressive,passive_aggressive
conv_07339,love_bombing,love_bombing
conv_00363,love_bombing,love_bombing
conv_03391,gaslighting,gaslighting
conv_03361,guilt_tripping,guilt_tripping
conv_01739,neutral,neutral
conv_07129,gaslighting,gaslighting
conv_07493,guilt_tripping,guilt_tripping
conv_03656,love_bombing,love_bombing
conv_03411,gaslighting,gaslighting
conv_03519,direct_coercion,direct_coercion
conv_00890,passive_aggressive,passive_aggressive
conv_07539,love_bombing,love_bombing
conv_04339,guilt_tripping,guilt_tripping
conv_00074,guilt_tripping,guilt_tripping
conv_00534,neutral,neutral
conv_06481,gaslighting,gaslighting
conv_00501,love_bombing,love_bombing
conv_02850,passive_aggressive,passive_aggressive
conv_00332,guilt_tripping,guilt_tripping
conv_03425,guilt_tripping,guilt_tripping
conv_08879,love_bombing,love_bombing
conv_00042,gaslighting,gaslighting
conv_00764,direct_coercion,direct_coercion
conv_06039,guilt_tripping,guilt_tripping
conv_01436,passive_aggressive,passive_aggressive
conv_02625,guilt_tripping,guilt_tripping
conv_05805,gaslighting,gaslighting
conv_01519,neutral,neutral
conv_09684,neutral,neutral
conv_05858,gaslighting,gaslighting
conv_05693,love_bombing,love_bombing
conv_06896,neutral,neutral
conv_05074,passive_aggressive,passive_aggressive
conv_01321,neutral,neutral
conv_02775,charm_flattery,charm_flattery
conv_07422,direct_coercion,direct_coercion
conv_07119,gaslighting,gaslighting
conv_03433,love_bombing,love_bombing
conv_01673,gaslighting,gaslighting
conv_04827,neutral,neutral
conv_02394,charm_flattery,charm_flattery
conv_00774,neutral,neutral
conv_07607,neutral,neutral
conv_02586,direct_coercion,direct_coercion
conv_01616,passive_aggressive,passive_aggressive
conv_03131,direct_coercion,direct_coercion
conv_06690,guilt_tripping,guilt_tripping
conv_06523,love_bombing,love_bombing
conv_07078,love_bombing,love_bombing
conv_09958,neutral,neutral
conv_04031,passive_aggressive,passive_aggressive
conv_09578,charm_flattery,charm_flattery
conv_07220,guilt_tripping,guilt_tripping
conv_04586,love_bombing,love_bombing
conv_05055,neutral,neutral
conv_08848,love_bombing,love_bombing
conv_05503,charm_flattery,charm_flattery
conv_02382,passive_aggressive,passive_aggressive
conv_00675,gaslighting,gaslighting
conv_04033,neutral,neutral
conv_01806,direct_coercion,direct_coercion
conv_05268,love_bombing,love_bombing
conv_01631,love_bombing,love_bombing
conv_09013,passive_aggressive,passive_aggressive
conv_05828,charm_flattery,charm_flattery
conv_06676,direct_coercion,direct_coercion
conv_07649,passive_aggressive,passive_aggressive
conv_02780,gaslighting,gaslighting
conv_09440,passive_aggressive,passive_aggressive
conv_08704,passive_aggressive,passive_aggressive
conv_06573,gaslighting,gaslighting
conv_00216,direct_coercion,direct_coercion
conv_05216,guilt_tripping,guilt_tripping
conv_00541,gaslighting,gaslighting
conv_09419,passive_aggressive,passive_aggressive
conv_06967,neutral,neutral
conv_04309,charm_flattery,charm_flattery
conv_04672,gaslighting,gaslighting
conv_08093,guilt_tripping,guilt_tripping
conv_04312,charm_flattery,charm_flattery
conv_09136,charm_flattery,charm_flattery
conv_06620,gaslighting,gaslighting
conv_09820,charm_flattery,charm_flattery
conv_01410,charm_flattery,charm_flattery
conv_03715,neutral,neutral
conv_03745,charm_flattery,charm_flattery
conv_04517,neutral,neutral
conv_07324,neutral,neutral
conv_03183,guilt_tripping,guilt_tripping
conv_04673,gaslighting,gaslighting
conv_06245,love_bombing,love_bombing
conv_05270,guilt_tripping,guilt_tripping
conv_06403,passive_aggressive,passive_aggressive
conv_05214,direct_coercion,direct_coercion
conv_05570,neutral,neutral
conv_00806,love_bombing,love_bombing
conv_07203,love_bombing,love_bombing
conv_08695,direct_coercion,direct_coercion
conv_07669,passive_aggressive,passive_aggressive
conv_07693,neutral,neutral
conv_02107,passive_aggressive,passive_aggressive
conv_00739,gaslighting,gaslighting
conv_09246,gaslighting,gaslighting
conv_02744,love_bombing,love_bombing
conv_06315,love_bombing,love_bombing
conv_07126,neutral,neutral
conv_04026,direct_coercion,direct_coercion
conv_03138,passive_aggressive,passive_aggressive
conv_06844,charm_flattery,charm_flattery
conv_01343,direct_coercion,direct_coercion
conv_05454,charm_flattery,charm_flattery
conv_07077,guilt_tripping,guilt_tripping
conv_08804,gaslighting,gaslighting
conv_07780,charm_flattery,charm_flattery
conv_04636,charm_flattery,charm_flattery
conv_04018,love_bombing,love_bombing
conv_04050,guilt_tripping,guilt_tripping
conv_01581,guilt_tripping,guilt_tripping
conv_00714,guilt_tripping,guilt_tripping
conv_06400,neutral,neutral
conv_08868,love_bombing,love_bombing
conv_05636,gaslighting,gaslighting
conv_09849,gaslighting,gaslighting
conv_01433,charm_flattery,charm_flattery
conv_02452,passive_aggressive,passive_aggressive
conv_03001,love_bombing,love_bombing
conv_04311,direct_coercion,direct_coercion
conv_06501,charm_flattery,charm_flattery
conv_05054,love_bombing,love_bombing
conv_00141,guilt_tripping,guilt_tripping
conv_04722,passive_aggressive,passive_aggressive
conv_03844,passive_aggressive,passive_aggressive
conv_03795,love_bombing,love_bombing
conv_05241,charm_flattery,charm_flattery
conv_03734,love_bombing,love_bombing
conv_06186,gaslighting,gaslighting
conv_08532,charm_flattery,charm_flattery
conv_01295,gaslighting,gaslighting
conv_09964,love_bombing,love_bombing
conv_05668,gaslighting,gaslighting
conv_00996,charm_flattery,charm_flattery
conv_00494,guilt_tripping,guilt_tripping
conv_01440,charm_flattery,charm_flattery
conv_00415,passive_aggressive,passive_aggressive
conv_06146,gaslighting,gaslighting
conv_09465,passive_aggressive,passive_aggressive
conv_04219,charm_flattery,charm_flattery
conv_00257,passive_aggressive,passive_aggressive
conv_07105,guilt_tripping,guilt_tripping
conv_04548,charm_flattery,charm_flattery
conv_04872,neutral,neutral
conv_03427,charm_flattery,charm_flattery
conv_06058,direct_coercion,direct_coercion
conv_02632,love_bombing,love_bombing
conv_00398,love_bombing,love_bombing
conv_00731,direct_coercion,direct_coercion
conv_04428,guilt_tripping,guilt_tripping
conv_06444,charm_flattery,charm_flattery
conv_00049,love_bombing,love_bombing
conv_05919,love_bombing,love_bombing
conv_05411,charm_flattery,charm_flattery
conv_06912,direct_coercion,direct_coercion
conv_09734,neutral,neutral
conv_05167,love_bombing,love_bombing
conv_06840,direct_coercion,direct_coercion
conv_04902,guilt_tripping,guilt_tripping
conv_01808,neutral,neutral
conv_02747,charm_flattery,charm_flattery
conv_09668,passive_aggressive,passive_aggressive
conv_09735,charm_flattery,charm_flattery
conv_09780,direct_coercion,direct_coercion
conv_09942,passive_aggressive,passive_aggressive
conv_03998,direct_coercion,direct_coercion
conv_07540,neutral,neutral
conv_02941,neutral,neutral
conv_09732,love_bombing,love_bombing
conv_03741,gaslighting,gaslighting
conv_01269,passive_aggressive,passive_aggressive
conv_01584,neutral,neutral
conv_02601,charm_flattery,charm_flattery
conv_04250,neutral,neutral
conv_08981,guilt_tripping,guilt_tripping
conv_05894,charm_flattery,charm_flattery
conv_05515,charm_flattery,charm_flattery
conv_07610,guilt_tripping,guilt_tripping
conv_09273,passive_aggressive,passive_aggressive
conv_04209,charm_flattery,charm_flattery
conv_08443,direct_coercion,direct_coercion
conv_01157,neutral,neutral
conv_03362,direct_coercion,direct_coercion
conv_03806,love_bombing,love_bombing
conv_06312,passive_aggressive,passive_aggressive
conv_07111,neutral,neutral
conv_08457,charm_flattery,charm_flattery
conv_09561,charm_flattery,charm_flattery
conv_06766,neutral,neutral
conv_08169,charm_flattery,charm_flattery
conv_03664,charm_flattery,charm_flattery
conv_03491,neutral,neutral
conv_07744,love_bombing,love_bombing
conv_05417,direct_coercion,direct_coercion
conv_04154,neutral,neutral
conv_01438,neutral,neutral
conv_05143,love_bombing,love_bombing
conv_03679,charm_flattery,charm_flattery
conv_05340,neutral,neutral
conv_03273,gaslighting,gaslighting
conv_08824,charm_flattery,charm_flattery
conv_09787,direct_coercion,direct_coercion
conv_04477,guilt_tripping,guilt_tripping
conv_03407,love_bombing,love_bombing
conv_01592,neutral,neutral
conv_03139,passive_aggressive,passive_aggressive
conv_05564,love_bombing,love_bombing
conv_01207,passive_aggressive,passive_aggressive
conv_08348,guilt_tripping,guilt_tripping
conv_00589,direct_coercion,direct_coercion
conv_05330,neutral,neutral
conv_02363,gaslighting,gaslighting
conv_01290,passive_aggressive,passive_aggressive
conv_04747,gaslighting,gaslighting
conv_05098,guilt_tripping,guilt_tripping
conv_00744,love_bombing,love_bombing
conv_01599,direct_coercion,direct_coercion
conv_07782,love_bombing,love_bombing
conv_09009,gaslighting,gaslighting
conv_02156,neutral,neutral
conv_08627,neutral,neutral
conv_08005,charm_flattery,charm_flattery
conv_07404,charm_flattery,charm_flattery
conv_09701,neutral,neutral
conv_03184,neutral,neutral
conv_06227,gaslighting,gaslighting
conv_03884,guilt_tripping,guilt_tripping
conv_02037,neutral,neutral
conv_03318,neutral,neutral
conv_06952,direct_coercion,direct_coercion
conv_08932,love_bombing,love_bombing
conv_05719,guilt_tripping,guilt_tripping
conv_02804,direct_coercion,direct_coercion
conv_03492,direct_coercion,direct_coercion
conv_06394,love_bombing,love_bombing
conv_09356,charm_flattery,charm_flattery
conv_04304,neutral,neutral
conv_00572,guilt_tripping,guilt_tripping
conv_01155,neutral,neutral
conv_02028,passive_aggressive,passive_aggressive
conv_09406,neutral,neutral
conv_08089,love_bombing,love_bombing
conv_04763,direct_coercion,direct_coercion
conv_04542,gaslighting,gaslighting
conv_09760,direct_coercion,direct_coercion
conv_09309,guilt_tripping,guilt_tripping
conv_00829,love_bombing,love_bombing
conv_00639,passive_aggressive,passive_aggressive
conv_07161,charm_flattery,charm_flattery
conv_03539,love_bombing,love_bombing
conv_07606,love_bombing,love_bombing
conv_04474,guilt_tripping,guilt_tripping
conv_06255,guilt_tripping,guilt_tripping
conv_07784,neutral,neutral
conv_09776,direct_coercion,direct_coercion
conv_00661,neutral,neutral
conv_04752,guilt_tripping,guilt_tripping
conv_06779,gaslighting,gaslighting
conv_09474,passive_aggressive,passive_aggressive
conv_01265,neutral,neutral
conv_08019,direct_coercion,direct_coercion
conv_09965,passive_aggressive,passive_aggressive
conv_06447,passive_aggressive,passive_aggressive
conv_09180,neutral,neutral
conv_07863,guilt_tripping,guilt_tripping
conv_05223,guilt_tripping,guilt_tripping
conv_05606,direct_coercion,direct_coercion
conv_07480,passive_aggressive,passive_aggressive
conv_02826,passive_aggressive,passive_aggressive
conv_02232,charm_flattery,charm_flattery
conv_07599,neutral,neutral
conv_07514,guilt_tripping,guilt_tripping
conv_06339,direct_coercion,direct_coercion
conv_05565,love_bombing,love_bombing
conv_00730,love_bombing,love_bombing
conv_01830,direct_coercion,direct_coercion
conv_05048,charm_flattery,charm_flattery
conv_01880,love_bombing,love_bombing
conv_09823,neutral,neutral
conv_04411,guilt_tripping,guilt_tripping
conv_08650,passive_aggressive,passive_aggressive
conv_02970,love_bombing,love_bombing
conv_02516,gaslighting,gaslighting
conv_07724,guilt_tripping,guilt_tripping
conv_00231,passive_aggressive,passive_aggressive
conv_00275,neutral,neutral
conv_03123,direct_coercion,direct_coercion
conv_08525,guilt_tripping,guilt_tripping
conv_01715,guilt_tripping,guilt_tripping
conv_08816,charm_flattery,charm_flattery
conv_08505,neutral,neutral
conv_05751,gaslighting,gaslighting
conv_05499,love_bombing,love_bombing
conv_01814,gaslighting,gaslighting
conv_03697,neutral,neutral
conv_00985,love_bombing,love_bombing
conv_02480,neutral,neutral
conv_00927,love_bombing,love_bombing
conv_00265,passive_aggressive,passive_aggressive
conv_05463,direct_coercion,direct_coercion
conv_07591,guilt_tripping,guilt_tripping
conv_00281,neutral,neutral
conv_07038,direct_coercion,direct_coercion
conv_05926,direct_coercion,direct_coercion
conv_00158,neutral,neutral
conv_04330,neutral,neutral
conv_05104,guilt_tripping,guilt_tripping
conv_06754,neutral,neutral
conv_02115,charm_flattery,charm_flattery
conv_06584,neutral,neutral
conv_02494,gaslighting,gaslighting
conv_08610,neutral,neutral
conv_04061,neutral,neutral
conv_07981,passive_aggressive,passive_aggressive
conv_08101,charm_flattery,charm_flattery
conv_09425,charm_flattery,charm_flattery
conv_06641,passive_aggressive,passive_aggressive
conv_02293,passive_aggressive,passive_aggressive
conv_04509,direct_coercion,direct_coercion
conv_00577,gaslighting,gaslighting
conv_06682,direct_coercion,direct_coercion
conv_01608,charm_flattery,charm_flattery
conv_09611,neutral,neutral
conv_09196,gaslighting,gaslighting
conv_02808,gaslighting,gaslighting
conv_08466,direct_coercion,direct_coercion
conv_09634,neutral,neutral
conv_04293,gaslighting,gaslighting
conv_02423,gaslighting,gaslighting
conv_02167,love_bombing,love_bombing
conv_02202,love_bombing,love_bombing
conv_04297,neutral,neutral
conv_08267,neutral,neutral
conv_05332,gaslighting,gaslighting
conv_01615,direct_coercion,direct_coercion
conv_08767,love_bombing,love_bombing
conv_01919,direct_coercion,direct_coercion
conv_03689,charm_flattery,charm_flattery
conv_00918,direct_coercion,direct_coercion
conv_08662,love_bombing,love_bombing
conv_03855,neutral,neutral
conv_08647,charm_flattery,charm_flattery
conv_09463,passive_aggressive,passive_aggressive
conv_06928,direct_coercion,direct_coercion
conv_01566,charm_flattery,charm_flattery
conv_01583,love_bombing,love_bombing
conv_03714,passive_aggressive,passive_aggressive
conv_01305,love_bombing,love_bombing
conv_03875,guilt_tripping,guilt_tripping
conv_05770,direct_coercion,direct_coercion
conv_00195,neutral,neutral
conv_08008,passive_aggressive,passive_aggressive
conv_06719,love_bombing,love_bombing
conv_03207,charm_flattery,charm_flattery
conv_04138,gaslighting,gaslighting
conv_07955,neutral,neutral
conv_02579,guilt_tripping,guilt_tripping
conv_09080,passive_aggressive,passive_aggressive
conv_03983,passive_aggressive,passive_aggressive
conv_05872,passive_aggressive,passive_aggressive
conv_08869,neutral,neutral
conv_04601,neutral,neutral
conv_06529,guilt_tripping,guilt_tripping
conv_00104,love_bombing,love_bombing
conv_01655,gaslighting,gaslighting
conv_06151,charm_flattery,charm_flattery
conv_05733,guilt_tripping,guilt_tripping
conv_02795,neutral,neutral
conv_00414,direct_coercion,direct_coercion
conv_00741,neutral,neutral
conv_00540,guilt_tripping,guilt_tripping
conv_04166,gaslighting,gaslighting
conv_05609,guilt_tripping,guilt_tripping
conv_03161,neutral,neutral
conv_02130,direct_coercion,direct_coercion
conv_06764,guilt_tripping,guilt_tripping
conv_05689,passive_aggressive,passive_aggressive
conv_05413,passive_aggressive,passive_aggressive
conv_06814,charm_flattery,charm_flattery
conv_05809,love_bombing,love_bombing
conv_06824,love_bombing,love_bombing
conv_09001,direct_coercion,direct_coercion
conv_02100,direct_coercion,direct_coercion
conv_01480,passive_aggressive,passive_aggressive
conv_05646,guilt_tripping,guilt_tripping
conv_08469,direct_coercion,direct_coercion
conv_09259,neutral,neutral
conv_08045,passive_aggressive,passive_aggressive
conv_09623,direct_coercion,direct_coercion
conv_01359,gaslighting,gaslighting
conv_04365,love_bombing,love_bombing
conv_03494,gaslighting,gaslighting
conv_07917,neutral,neutral
conv_00461,charm_flattery,charm_flattery
conv_05549,direct_coercion,direct_coercion
conv_02987,gaslighting,gaslighting
conv_01149,passive_aggressive,passive_aggressive
conv_09663,love_bombing,love_bombing
conv_09513,passive_aggressive,passive_aggressive
conv_01055,guilt_tripping,guilt_tripping
conv_06649,gaslighting,gaslighting
conv_02931,gaslighting,gaslighting
conv_01479,love_bombing,love_bombing
conv_05178,passive_aggressive,passive_aggressive
conv_02864,direct_coercion,direct_coercion
conv_02690,love_bombing,love_bombing
conv_02833,direct_coercion,direct_coercion
conv_04709,direct_coercion,direct_coercion
conv_04011,neutral,neutral
conv_06961,charm_flattery,charm_flattery
conv_04607,love_bombing,love_bombing
conv_00684,charm_flattery,charm_flattery
conv_00573,direct_coercion,direct_coercion
conv_03083,charm_flattery,charm_flattery
conv_09467,direct_coercion,direct_coercion
conv_04893,gaslighting,gaslighting
conv_05138,charm_flattery,charm_flattery
conv_08669,passive_aggressive,passive_aggressive
conv_00051,passive_aggressive,passive_aggressive
conv_07682,neutral,neutral
conv_05930,direct_coercion,direct_coercion
conv_02379,love_bombing,love_bombing
conv_00887,passive_aggressive,passive_aggressive
conv_03970,direct_coercion,direct_coercion
conv_03684,gaslighting,gaslighting
conv_02240,passive_aggressive,passive_aggressive
conv_03722,neutral,neutral
conv_00555,neutral,neutral
conv_08803,neutral,neutral
conv_08659,direct_coercion,direct_coercion
conv_02800,love_bombing,love_bombing
conv_05401,neutral,neutral
conv_09631,gaslighting,gaslighting
conv_04926,charm_flattery,charm_flattery
conv_08915,passive_aggressive,passive_aggressive
conv_01381,guilt_tripping,guilt_tripping
conv_02505,neutral,neutral
conv_08020,charm_flattery,charm_flattery
conv_08213,neutral,neutral
conv_03259,charm_flattery,charm_flattery
conv_06508,charm_flattery,charm_flattery
conv_05632,charm_flattery,charm_flattery
conv_05377,neutral,neutral
conv_06214,charm_flattery,charm_flattery
conv_03006,gaslighting,gaslighting
conv_05880,direct_coercion,direct_coercion
conv_04855,direct_coercion,direct_coercion
conv_05790,guilt_tripping,guilt_tripping
conv_07099,neutral,neutral
conv_09557,gaslighting,gaslighting
conv_08559,charm_flattery,charm_flattery
conv_07308,gaslighting,gaslighting
conv_07898,guilt_tripping,guilt_tripping
conv_08691,charm_flattery,charm_flattery
conv_09137,charm_flattery,charm_flattery
conv_09830,direct_coercion,direct_coercion
conv_04430,gaslighting,gaslighting
conv_04553,direct_coercion,direct_coercion
conv_03958,passive_aggressive,passive_aggressive
conv_01198,love_bombing,love_bombing
conv_03707,direct_coercion,direct_coercion
conv_05024,neutral,neutral
conv_09087,love_bombing,love_bombing
conv_06664,guilt_tripping,guilt_tripping
conv_06498,love_bombing,love_bombing
conv_08580,direct_coercion,direct_coercion
conv_00616,guilt_tripping,guilt_tripping
conv_05652,passive_aggressive,passive_aggressive
conv_06711,charm_flattery,charm_flattery
conv_00088,gaslighting,gaslighting
conv_06951,neutral,neutral
conv_06466,neutral,neutral
conv_06797,direct_coercion,direct_coercion
conv_06823,love_bombing,love_bombing
conv_01856,charm_flattery,charm_flattery
conv_03686,guilt_tripping,guilt_tripping
conv_08182,gaslighting,gaslighting
conv_06187,guilt_tripping,guilt_tripping
conv_00219,love_bombing,love_bombing
conv_08227,love_bombing,love_bombing
conv_07193,charm_flattery,charm_flattery
conv_04093,guilt_tripping,guilt_tripping
conv_01922,passive_aggressive,passive_aggressive
conv_02507,gaslighting,gaslighting
conv_01923,charm_flattery,charm_flattery
conv_01394,passive_aggressive,passive_aggressive
conv_04627,direct_coercion,direct_coercion
conv_00574,neutral,neutral
conv_07815,charm_flattery,charm_flattery
conv_01338,direct_coercion,direct_coercion
conv_09365,charm_flattery,charm_flattery
conv_06531,charm_flattery,charm_flattery
conv_06395,charm_flattery,charm_flattery
conv_02651,passive_aggressive,passive_aggressive
conv_07116,neutral,neutral
conv_01164,guilt_tripping,guilt_tripping
conv_00192,love_bombing,love_bombing
conv_03220,charm_flattery,charm_flattery
conv_01138,love_bombing,love_bombing
conv_07452,guilt_tripping,guilt_tripping
conv_02085,love_bombing,love_bombing
conv_09807,guilt_tripping,guilt_tripping
conv_04760,guilt_tripping,guilt_tripping
conv_06483,neutral,neutral
conv_08351,charm_flattery,charm_flattery
conv_06982,love_bombing,love_bombing
conv_01340,direct_coercion,direct_coercion
conv_04719,guilt_tripping,guilt_tripping
conv_07522,love_bombing,love_bombing
conv_00432,direct_coercion,direct_coercion
conv_09693,passive_aggressive,passive_aggressive
conv_06254,love_bombing,love_bombing
conv_08261,neutral,neutral
conv_04911,charm_flattery,charm_flattery
conv_08382,gaslighting,gaslighting
conv_00784,love_bombing,love_bombing
conv_02759,neutral,neutral
conv_02316,guilt_tripping,guilt_tripping
conv_08761,love_bombing,love_bombing
conv_09296,neutral,neutral
conv_02628,gaslighting,gaslighting
conv_01266,love_bombing,love_bombing
conv_07432,charm_flattery,charm_flattery
conv_03823,love_bombing,love_bombing
conv_02772,passive_aggressive,passive_aggressive
conv_05137,love_bombing,love_bombing
conv_06469,direct_coercion,direct_coercion
conv_05946,guilt_tripping,guilt_tripping
conv_08117,gaslighting,gaslighting
conv_03785,love_bombing,love_bombing
conv_09276,passive_aggressive,passive_aggressive
conv_01991,passive_aggressive,passive_aggressive
conv_03580,passive_aggressive,passive_aggressive
conv_06788,charm_flattery,charm_flattery
conv_00691,direct_coercion,direct_coercion
conv_09332,direct_coercion,direct_coercion
conv_03317,direct_coercion,direct_coercion
conv_01986,direct_coercion,direct_coercion
conv_05661,gaslighting,gaslighting
conv_06396,guilt_tripping,guilt_tripping
conv_08661,charm_flattery,charm_flattery
conv_07326,neutral,neutral
conv_04677,gaslighting,gaslighting
conv_07039,neutral,neutral
conv_01132,love_bombing,love_bombing
conv_00436,passive_aggressive,passive_aggressive
conv_04994,charm_flattery,charm_flattery
conv_08578,direct_coercion,direct_coercion
conv_06761,passive_aggressive,passive_aggressive
conv_02279,charm_flattery,charm_flattery
conv_02837,love_bombing,love_bombing
conv_00196,love_bombing,love_bombing
conv_00527,direct_coercion,direct_coercion
conv_07426,passive_aggressive,passive_aggressive
conv_02515,love_bombing,love_bombing
conv_06697,charm_flattery,charm_flattery
conv_05356,neutral,neutral
conv_07144,neutral,neutral
conv_07698,charm_flattery,charm_flattery
conv_03092,direct_coercion,direct_coercion
conv_08707,passive_aggressive,passive_aggressive
conv_06781,direct_coercion,direct_coercion
conv_02945,love_bombing,love_bombing
conv_09391,neutral,neutral
conv_05073,direct_coercion,direct_coercion
conv_01773,guilt_tripping,guilt_tripping
conv_08955,charm_flattery,charm_flattery
conv_03882,gaslighting,gaslighting
conv_01097,guilt_tripping,guilt_tripping
conv_07489,passive_aggressive,passive_aggressive
conv_04913,love_bombing,love_bombing
conv_08195,charm_flattery,charm_flattery
conv_00099,charm_flattery,charm_flattery
conv_02449,guilt_tripping,guilt_tripping
conv_02809,gaslighting,gaslighting
conv_04671,neutral,neutral
conv_01124,passive_aggressive,passive_aggressive
conv_06470,guilt_tripping,guilt_tripping
conv_00590,direct_coercion,direct_coercion
conv_02125,direct_coercion,direct_coercion
conv_09900,neutral,neutral
conv_05576,neutral,neutral
conv_05897,guilt_tripping,guilt_tripping
conv_03058,charm_flattery,charm_flattery
conv_08378,guilt_tripping,guilt_tripping
conv_04177,gaslighting,gaslighting
conv_03854,guilt_tripping,guilt_tripping
conv_09148,neutral,neutral
conv_04975,passive_aggressive,passive_aggressive
conv_08181,gaslighting,gaslighting
conv_02757,love_bombing,love_bombing
conv_03031,passive_aggressive,passive_aggressive
conv_02103,gaslighting,gaslighting
conv_03615,neutral,neutral
conv_07999,love_bombing,love_bombing
conv_00500,charm_flattery,charm_flattery
conv_01652,neutral,neutral
conv_01686,direct_coercion,direct_coercion
conv_04395,charm_flattery,charm_flattery
conv_02944,guilt_tripping,guilt_tripping
conv_09033,direct_coercion,direct_coercion
conv_01364,guilt_tripping,guilt_tripping
conv_00856,direct_coercion,direct_coercion
conv_04210,direct_coercion,direct_coercion
conv_03645,charm_flattery,charm_flattery
conv_09969,passive_aggressive,passive_aggressive
conv_07123,charm_flattery,charm_flattery
conv_01824,passive_aggressive,passive_aggressive
conv_02716,passive_aggressive,passive_aggressive
conv_09019,passive_aggressive,passive_aggressive
conv_09974,neutral,neutral
conv_03298,guilt_tripping,guilt_tripping
conv_02444,gaslighting,gaslighting
conv_04984,neutral,neutral
conv_03836,guilt_tripping,guilt_tripping
conv_00939,charm_flattery,charm_flattery
conv_09829,neutral,neutral
conv_01042,neutral,neutral
conv_09528,gaslighting,gaslighting
conv_08381,passive_aggressive,passive_aggressive
conv_05840,gaslighting,gaslighting
conv_07252,direct_coercion,direct_coercion
conv_05017,charm_flattery,charm_flattery
conv_02402,neutral,neutral
conv_00082,passive_aggressive,passive_aggressive
conv_00721,direct_coercion,direct_coercion
conv_00211,direct_coercion,direct_coercion
conv_06798,guilt_tripping,guilt_tripping
conv_03302,love_bombing,love_bombing
conv_09078,direct_coercion,direct_coercion
conv_04249,love_bombing,love_bombing
conv_03962,love_bombing,love_bombing
conv_04045,gaslighting,gaslighting
conv_02086,neutral,neutral
conv_05415,gaslighting,gaslighting
conv_04971,neutral,neutral
conv_09499,direct_coercion,direct_coercion
conv_02758,guilt_tripping,guilt_tripping
conv_06232,neutral,neutral
conv_09803,gaslighting,gaslighting
conv_04382,charm_flattery,charm_flattery
conv_08391,neutral,neutral
conv_06276,guilt_tripping,guilt_tripping
conv_04955,love_bombing,love_bombing
conv_09361,passive_aggressive,passive_aggressive
conv_09635,direct_coercion,direct_coercion
conv_05835,guilt_tripping,guilt_tripping
conv_06558,gaslighting,gaslighting
conv_05091,guilt_tripping,guilt_tripping
conv_05002,charm_flattery,charm_flattery
conv_04723,charm_flattery,charm_flattery
conv_05131,gaslighting,gaslighting
conv_00149,passive_aggressive,passive_aggressive
conv_07055,love_bombing,love_bombing
conv_07860,charm_flattery,charm_flattery
conv_08482,gaslighting,gaslighting
conv_09861,direct_coercion,direct_coercion
conv_00758,guilt_tripping,guilt_tripping
conv_03660,charm_flattery,charm_flattery
conv_06943,charm_flattery,charm_flattery
conv_09749,love_bombing,love_bombing
conv_05155,guilt_tripping,guilt_tripping
conv_01484,gaslighting,gaslighting
conv_07842,love_bombing,love_bombing
conv_03571,charm_flattery,charm_flattery
conv_06030,charm_flattery,charm_flattery
conv_09973,passive_aggressive,passive_aggressive
conv_07110,guilt_tripping,guilt_tripping
conv_01129,passive_aggressive,passive_aggressive
conv_05674,charm_flattery,charm_flattery
conv_06224,direct_coercion,direct_coercion
conv_09839,guilt_tripping,guilt_tripping
conv_07350,love_bombing,love_bombing
conv_02589,charm_flattery,charm_flattery
conv_02445,neutral,neutral
conv_04404,love_bombing,love_bombing
conv_07721,direct_coercion,direct_coercion
conv_05833,passive_aggressive,passive_aggressive
conv_07317,passive_aggressive,passive_aggressive
conv_07819,direct_coercion,direct_coercion
conv_08542,charm_flattery,charm_flattery
conv_03740,charm_flattery,charm_flattery
conv_01976,neutral,neutral
conv_06249,guilt_tripping,guilt_tripping
conv_05968,direct_coercion,direct_coercion
conv_00873,gaslighting,gaslighting
conv_02648,love_bombing,love_bombing
conv_02563,charm_flattery,charm_flattery
conv_01298,charm_flattery,charm_flattery
conv_02321,gaslighting,gaslighting
conv_01174,charm_flattery,charm_flattery
conv_07122,direct_coercion,direct_coercion
conv_00479,love_bombing,love_bombing
conv_08212,direct_coercion,direct_coercion
conv_04333,neutral,neutral
conv_08672,guilt_tripping,guilt_tripping
conv_01004,charm_flattery,charm_flattery
conv_03918,neutral,neutral
conv_08159,direct_coercion,direct_coercion
conv_08645,love_bombing,love_bombing
conv_03078,charm_flattery,charm_flattery
conv_04694,charm_flattery,charm_flattery
conv_08641,guilt_tripping,guilt_tripping
conv_08205,love_bombing,love_bombing
conv_04941,neutral,neutral
conv_04012,passive_aggressive,passive_aggressive
conv_08083,love_bombing,love_bombing
conv_04171,love_bombing,love_bombing
conv_04525,charm_flattery,charm_flattery
conv_02799,direct_coercion,direct_coercion
conv_02390,charm_flattery,charm_flattery
conv_05194,passive_aggressive,passive_aggressive
conv_03650,direct_coercion,direct_coercion
conv_02120,direct_coercion,direct_coercion
conv_04089,neutral,neutral
conv_08931,love_bombing,love_bombing
conv_09875,guilt_tripping,guilt_tripping
conv_08722,passive_aggressive,passive_aggressive
conv_08810,charm_flattery,charm_flattery
conv_05180,direct_coercion,direct_coercion
conv_03056,charm_flattery,charm_flattery
conv_03308,neutral,neutral
conv_08957,love_bombing,love_bombing
conv_05374,guilt_tripping,guilt_tripping
conv_01060,passive_aggressive,passive_aggressive
conv_01316,guilt_tripping,guilt_tripping
conv_09670,direct_coercion,direct_coercion
conv_02350,direct_coercion,direct_coercion
conv_06677,direct_coercion,direct_coercion
conv_09743,gaslighting,gaslighting
conv_09867,passive_aggressive,passive_aggressive
conv_02870,neutral,neutral
conv_09885,love_bombing,love_bombing
conv_03248,direct_coercion,direct_coercion
conv_06638,charm_flattery,charm_flattery
conv_01308,love_bombing,love_bombing
conv_02844,passive_aggressive,passive_aggressive
conv_09241,direct_coercion,direct_coercion
conv_05656,love_bombing,love_bombing
conv_05051,neutral,neutral
conv_03797,passive_aggressive,passive_aggressive
conv_02733,charm_flattery,charm_flattery
conv_07800,direct_coercion,direct_coercion
conv_01525,guilt_tripping,guilt_tripping
conv_09147,guilt_tripping,guilt_tripping
conv_00287,love_bombing,love_bombing
conv_02600,love_bombing,love_bombing
conv_04928,neutral,neutral
conv_04285,passive_aggressive,passive_aggressive
conv_07145,gaslighting,gaslighting
conv_03957,love_bombing,love_bombing
conv_09939,love_bombing,love_bombing
conv_07200,charm_flattery,charm_flattery
conv_08279,passive_aggressive,passive_aggressive
conv_01078,passive_aggressive,passive_aggressive
conv_04864,gaslighting,gaslighting
conv_05977,guilt_tripping,guilt_tripping
conv_03352,neutral,neutral
conv_01758,neutral,neutral
conv_02509,love_bombing,love_bombing
conv_09152,love_bombing,love_bombing
conv_07069,passive_aggressive,passive_aggressive
conv_08389,neutral,neutral
conv_03570,direct_coercion,direct_coercion
conv_03202,guilt_tripping,guilt_tripping
conv_03500,neutral,neutral
conv_03340,charm_flattery,charm_flattery
conv_06730,guilt_tripping,guilt_tripping
conv_05563,guilt_tripping,guilt_tripping
conv_00722,passive_aggressive,passive_aggressive
conv_09283,charm_flattery,charm_flattery
conv_02707,love_bombing,love_bombing
conv_03020,passive_aggressive,passive_aggressive
conv_00773,love_bombing,love_bombing
conv_09174,love_bombing,love_bombing
conv_06195,neutral,neutral
conv_04844,love_bombing,love_bombing
conv_02331,direct_coercion,direct_coercion
conv_06308,charm_flattery,charm_flattery
conv_00472,gaslighting,gaslighting
conv_06891,love_bombing,love_bombing
conv_00738,gaslighting,gaslighting
conv_06462,charm_flattery,charm_flattery
conv_05728,neutral,neutral
conv_01520,charm_flattery,charm_flattery
conv_01660,guilt_tripping,guilt_tripping
conv_01988,love_bombing,love_bombing
conv_09677,love_bombing,love_bombing
conv_01949,direct_coercion,direct_coercion
conv_02598,gaslighting,gaslighting
conv_04074,love_bombing,love_bombing
conv_04805,guilt_tripping,guilt_tripping
conv_04159,direct_coercion,direct_coercion
conv_01302,passive_aggressive,passive_aggressive
conv_03452,gaslighting,gaslighting
conv_04052,neutral,neutral
conv_05251,direct_coercion,direct_coercion
conv_08609,gaslighting,gaslighting
conv_06969,direct_coercion,direct_coercion
conv_01770,neutral,neutral
conv_07546,passive_aggressive,passive_aggressive
conv_01386,love_bombing,love_bombing
conv_01965,direct_coercion,direct_coercion
conv_09384,neutral,neutral
conv_09556,direct_coercion,direct_coercion
conv_05511,guilt_tripping,guilt_tripping
conv_09346,neutral,neutral
conv_01645,love_bombing,love_bombing
conv_06497,guilt_tripping,guilt_tripping
conv_04608,neutral,neutral
conv_05491,neutral,neutral
conv_09139,love_bombing,love_bombing
conv_02147,passive_aggressive,passive_aggressive
conv_07714,charm_flattery,charm_flattery
conv_04409,charm_flattery,charm_flattery
conv_01970,passive_aggressive,passive_aggressive
conv_03309,neutral,neutral
conv_06890,guilt_tripping,guilt_tripping
conv_09149,passive_aggressive,passive_aggressive
conv_06574,passive_aggressive,passive_aggressive
conv_02891,neutral,neutral
conv_08088,neutral,neutral
conv_02432,direct_coercion,direct_coercion
conv_02504,guilt_tripping,guilt_tripping
conv_04493,guilt_tripping,guilt_tripping
conv_08039,love_bombing,love_bombing
conv_00964,neutral,neutral
conv_00912,gaslighting,gaslighting
conv_05472,passive_aggressive,passive_aggressive
conv_07462,passive_aggressive,passive_aggressive
conv_05881,guilt_tripping,guilt_tripping
conv_08918,passive_aggressive,passive_aggressive
conv_04624,neutral,neutral
conv_04032,gaslighting,gaslighting
conv_00769,love_bombing,love_bombing
conv_05109,guilt_tripping,guilt_tripping
conv_08357,guilt_tripping,guilt_tripping
conv_02219,passive_aggressive,passive_aggressive
conv_01818,guilt_tripping,guilt_tripping
conv_02974,love_bombing,love_bombing
conv_06756,passive_aggressive,passive_aggressive
conv_06519,direct_coercion,direct_coercion
conv_07998,neutral,neutral
conv_08617,love_bombing,love_bombing
conv_00905,direct_coercion,direct_coercion
conv_07068,neutral,neutral
conv_09710,guilt_tripping,guilt_tripping
conv_01886,charm_flattery,charm_flattery
conv_09511,passive_aggressive,passive_aggressive
conv_09265,neutral,neutral
conv_03828,love_bombing,love_bombing
conv_01927,love_bombing,love_bombing
conv_08082,passive_aggressive,passive_aggressive
conv_07938,love_bombing,love_bombing
conv_08721,charm_flattery,charm_flattery
conv_05023,charm_flattery,charm_flattery
conv_00783,gaslighting,gaslighting
conv_08370,guilt_tripping,guilt_tripping
conv_05013,passive_aggressive,passive_aggressive
conv_02018,gaslighting,gaslighting
conv_09025,love_bombing,love_bombing
conv_04144,passive_aggressive,passive_aggressive
conv_03655,direct_coercion,direct_coercion
conv_05033,passive_aggressive,passive_aggressive
conv_06878,direct_coercion,direct_coercion
conv_09920,guilt_tripping,guilt_tripping
conv_01785,gaslighting,gaslighting
conv_07363,neutral,neutral
conv_05348,charm_flattery,charm_flattery
conv_02295,passive_aggressive,passive_aggressive
conv_07214,passive_aggressive,passive_aggressive
conv_05296,guilt_tripping,guilt_tripping
conv_02919,charm_flattery,charm_flattery
conv_01530,neutral,neutral
conv_05092,direct_coercion,direct_coercion
conv_04566,passive_aggressive,passive_aggressive
conv_08992,charm_flattery,charm_flattery
conv_03769,gaslighting,gaslighting
conv_09277,neutral,neutral
conv_00113,passive_aggressive,passive_aggressive
conv_03648,direct_coercion,direct_coercion
conv_05860,gaslighting,gaslighting
conv_04849,direct_coercion,direct_coercion
conv_02763,neutral,neutral
conv_08239,love_bombing,love_bombing
conv_04446,guilt_tripping,guilt_tripping
conv_04139,neutral,neutral
conv_05583,charm_flattery,charm_flattery
conv_04777,love_bombing,love_bombing
conv_02692,charm_flattery,charm_flattery
conv_03080,gaslighting,gaslighting
conv_05737,charm_flattery,charm_flattery
conv_05328,charm_flattery,charm_flattery
conv_06874,gaslighting,gaslighting
conv_05044,direct_coercion,direct_coercion
conv_05727,gaslighting,gaslighting
conv_03396,love_bombing,love_bombing
conv_07657,love_bombing,love_bombing
conv_09758,gaslighting,gaslighting
conv_07044,neutral,neutral
conv_07035,neutral,neutral
conv_06535,passive_aggressive,passive_aggressive
conv_06313,passive_aggressive,passive_aggressive
conv_08993,charm_flattery,charm_flattery
conv_09882,neutral,neutral
conv_06265,charm_flattery,charm_flattery
conv_09134,passive_aggressive,passive_aggressive
conv_03091,guilt_tripping,guilt_tripping
conv_04014,charm_flattery,charm_flattery
conv_00291,neutral,neutral
conv_00142,guilt_tripping,guilt_tripping
conv_02885,neutral,neutral
conv_09508,passive_aggressive,passive_aggressive
conv_03379,direct_coercion,direct_coercion
conv_08798,direct_coercion,direct_coercion
conv_09917,guilt_tripping,guilt_tripping
conv_09630,love_bombing,love_bombing
conv_03274,love_bombing,love_bombing
conv_09399,gaslighting,gaslighting
conv_01007,direct_coercion,direct_coercion
conv_04405,guilt_tripping,guilt_tripping
conv_04658,neutral,neutral
conv_08893,gaslighting,gaslighting
conv_02561,guilt_tripping,guilt_tripping
conv_02922,passive_aggressive,passive_aggressive
conv_07642,gaslighting,gaslighting
conv_02491,direct_coercion,direct_coercion
conv_02466,neutral,neutral
conv_08062,direct_coercion,direct_coercion
conv_04945,passive_aggressive,passive_aggressive
conv_01869,love_bombing,love_bombing
conv_05254,charm_flattery,charm_flattery
conv_01691,neutral,neutral
conv_01974,guilt_tripping,guilt_tripping
conv_00173,neutral,neutral
conv_09840,gaslighting,gaslighting
conv_02235,direct_coercion,direct_coercion
conv_02190,love_bombing,love_bombing
conv_07101,gaslighting,gaslighting
conv_09674,guilt_tripping,guilt_tripping
conv_06417,love_bombing,love_bombing
conv_03555,neutral,neutral
conv_08180,love_bombing,love_bombing
conv_06367,neutral,neutral
conv_07985,love_bombing,love_bombing
conv_01453,love_bombing,love_bombing
conv_03932,passive_aggressive,passive_aggressive
conv_07028,guilt_tripping,guilt_tripping
conv_01049,neutral,neutral
conv_05016,gaslighting,gaslighting
conv_06037,charm_flattery,charm_flattery
conv_07396,direct_coercion,direct_coercion
conv_03024,charm_flattery,charm_flattery
conv_01496,passive_aggressive,passive_aggressive
conv_00093,love_bombing,love_bombing
conv_02752,passive_aggressive,passive_aggressive
conv_05667,love_bombing,love_bombing
conv_09952,charm_flattery,charm_flattery
conv_01895,love_bombing,love_bombing
conv_01068,passive_aggressive,passive_aggressive
conv_00787,guilt_tripping,guilt_tripping
conv_06116,gaslighting,gaslighting
conv_05259,gaslighting,gaslighting
conv_08698,gaslighting,gaslighting
conv_04158,gaslighting,gaslighting
conv_03231,guilt_tripping,guilt_tripping
conv_00270,charm_flattery,charm_flattery
conv_07179,direct_coercion,direct_coercion
conv_00125,charm_flattery,charm_flattery
conv_07608,love_bombing,love_bombing
conv_02723,gaslighting,gaslighting
conv_08228,neutral,neutral
conv_03151,neutral,neutral
conv_09237,direct_coercion,direct_coercion
conv_09082,passive_aggressive,passive_aggressive
conv_02652,love_bombing,love_bombing
conv_08934,gaslighting,gaslighting
conv_04165,direct_coercion,direct_coercion
conv_02676,gaslighting,gaslighting
conv_09737,direct_coercion,direct_coercion
conv_04929,love_bombing,love_bombing
conv_07990,love_bombing,love_bombing
conv_03155,direct_coercion,direct_coercion
conv_06848,passive_aggressive,passive_aggressive
conv_08478,neutral,neutral
conv_03132,passive_aggressive,passive_aggressive
conv_02192,love_bombing,love_bombing
conv_09175,passive_aggressive,passive_aggressive
conv_09107,direct_coercion,direct_coercion
conv_04725,passive_aggressive,passive_aggressive
conv_08001,neutral,neutral
conv_06937,gaslighting,gaslighting
conv_02547,gaslighting,gaslighting
conv_07304,direct_coercion,direct_coercion
conv_08608,guilt_tripping,guilt_tripping
conv_02755,direct_coercion,direct_coercion
conv_04277,love_bombing,love_bombing
conv_06527,gaslighting,gaslighting
conv_08965,passive_aggressive,passive_aggressive
conv_07215,direct_coercion,direct_coercion
conv_02249,guilt_tripping,guilt_tripping
conv_07458,love_bombing,love_bombing
conv_08718,love_bombing,love_bombing
conv_06872,charm_flattery,charm_flattery
conv_01873,gaslighting,gaslighting
conv_07163,gaslighting,gaslighting
conv_00381,direct_coercion,direct_coercion
conv_01408,direct_coercion,direct_coercion
conv_00503,direct_coercion,direct_coercion
conv_08390,neutral,neutral
conv_08904,passive_aggressive,passive_aggressive
conv_04998,gaslighting,gaslighting
conv_09302,gaslighting,gaslighting
conv_05949,love_bombing,love_bombing
conv_01244,neutral,neutral
conv_03107,guilt_tripping,guilt_tripping
conv_09589,guilt_tripping,guilt_tripping
conv_03509,passive_aggressive,passive_aggressive
conv_05219,charm_flattery,charm_flattery
conv_06955,direct_coercion,direct_coercion
conv_02123,love_bombing,love_bombing
conv_03372,charm_flattery,charm_flattery
conv_03849,neutral,neutral
conv_05317,love_bombing,love_bombing
conv_04663,love_bombing,love_bombing
conv_01864,guilt_tripping,guilt_tripping
conv_07213,direct_coercion,direct_coercion
conv_05471,passive_aggressive,passive_aggressive
conv_03503,direct_coercion,direct_coercion
conv_09716,gaslighting,gaslighting
conv_00155,neutral,neutral
conv_04071,charm_flattery,charm_flattery
conv_01191,neutral,neutral
conv_04559,passive_aggressive,passive_aggressive
conv_06264,guilt_tripping,guilt_tripping
conv_09914,charm_flattery,charm_flattery
conv_04193,gaslighting,gaslighting
conv_02914,neutral,neutral
conv_07817,charm_flattery,charm_flattery
conv_07533,neutral,neutral
conv_06391,guilt_tripping,guilt_tripping
conv_07083,charm_flattery,charm_flattery
conv_05346,direct_coercion,direct_coercion
conv_07831,charm_flattery,charm_flattery
conv_05368,passive_aggressive,passive_aggressive
conv_09719,direct_coercion,direct_coercion
conv_03661,guilt_tripping,guilt_tripping
conv_02144,guilt_tripping,guilt_tripping
conv_00954,direct_coercion,direct_coercion
conv_00245,direct_coercion,direct_coercion
conv_00164,neutral,neutral
conv_01532,love_bombing,love_bombing
conv_03612,charm_flattery,charm_flattery
conv_01357,passive_aggressive,passive_aggressive
conv_05678,guilt_tripping,guilt_tripping
conv_09903,passive_aggressive,passive_aggressive
conv_02577,gaslighting,gaslighting
conv_08028,charm_flattery,charm_flattery
conv_00214,guilt_tripping,guilt_tripping
conv_00182,gaslighting,gaslighting
conv_04109,gaslighting,gaslighting
conv_01745,charm_flattery,charm_flattery
conv_09592,direct_coercion,direct_coercion
conv_04603,guilt_tripping,guilt_tripping
conv_06910,neutral,neutral
conv_03808,direct_coercion,direct_coercion
conv_00612,direct_coercion,direct_coercion
conv_06882,guilt_tripping,guilt_tripping
conv_01953,gaslighting,gaslighting
conv_06989,passive_aggressive,passive_aggressive
conv_00406,neutral,neutral
conv_04349,charm_flattery,charm_flattery
conv_09288,passive_aggressive,passive_aggressive
conv_01755,neutral,neutral
conv_05726,passive_aggressive,passive_aggressive
conv_04533,charm_flattery,charm_flattery
conv_00940,love_bombing,love_bombing
conv_08325,neutral,neutral
conv_04079,love_bombing,love_bombing
conv_04227,neutral,neutral
conv_09392,passive_aggressive,passive_aggressive
conv_04346,love_bombing,love_bombing
conv_02096,guilt_tripping,guilt_tripping
conv_03499,passive_aggressive,passive_aggressive
conv_00143,passive_aggressive,passive_aggressive
conv_00562,love_bombing,love_bombing
conv_05420,direct_coercion,direct_coercion
conv_02378,charm_flattery,charm_flattery
conv_01696,passive_aggressive,passive_aggressive
conv_01136,guilt_tripping,guilt_tripping
conv_00289,direct_coercion,direct_coercion
conv_07436,neutral,neutral
conv_05911,neutral,neutral
conv_05204,neutral,neutral
conv_06503,neutral,neutral
conv_04532,gaslighting,gaslighting
conv_07519,charm_flattery,charm_flattery
conv_02373,gaslighting,gaslighting
conv_01952,passive_aggressive,passive_aggressive
conv_03548,love_bombing,love_bombing
conv_07159,gaslighting,gaslighting
conv_01689,neutral,neutral
conv_01275,guilt_tripping,guilt_tripping
conv_06424,neutral,neutral
conv_06745,gaslighting,gaslighting
conv_06489,charm_flattery,charm_flattery
conv_05520,charm_flattery,charm_flattery
conv_02612,direct_coercion,direct_coercion
conv_08196,passive_aggressive,passive_aggressive
conv_06180,neutral,neutral
conv_07708,neutral,neutral
conv_06024,charm_flattery,charm_flattery
conv_05890,guilt_tripping,guilt_tripping
conv_09621,gaslighting,gaslighting
conv_04733,guilt_tripping,guilt_tripping
conv_06289,neutral,neutral
conv_03841,gaslighting,gaslighting
conv_06938,gaslighting,gaslighting
conv_01825,direct_coercion,direct_coercion
conv_07135,guilt_tripping,guilt_tripping
conv_06858,passive_aggressive,passive_aggressive
conv_05205,guilt_tripping,guilt_tripping
conv_06449,neutral,neutral
conv_01013,neutral,neutral
conv_06832,love_bombing,love_bombing
conv_01604,charm_flattery,charm_flattery
conv_01427,love_bombing,love_bombing
conv_08886,love_bombing,love_bombing
conv_03464,direct_coercion,direct_coercion
conv_01664,direct_coercion,direct_coercion
conv_08840,neutral,neutral
conv_03093,gaslighting,gaslighting
conv_07967,passive_aggressive,passive_aggressive
conv_06113,direct_coercion,direct_coercion
conv_03596,neutral,neutral
conv_01291,passive_aggressive,passive_aggressive
conv_00921,neutral,neutral
conv_04799,guilt_tripping,guilt_tripping
conv_06921,love_bombing,love_bombing
conv_08152,gaslighting,gaslighting
conv_08164,love_bombing,love_bombing
conv_00570,neutral,neutral
conv_02871,direct_coercion,direct_coercion
conv_09258,passive_aggressive,passive_aggressive
conv_02478,charm_flattery,charm_flattery
conv_03821,neutral,neutral
conv_03984,charm_flattery,charm_flattery
conv_09140,neutral,neutral
conv_04072,love_bombing,love_bombing
conv_03633,neutral,neutral
conv_03346,gaslighting,gaslighting
conv_05859,guilt_tripping,guilt_tripping
conv_06458,direct_coercion,direct_coercion
conv_08847,neutral,neutral
conv_09739,charm_flattery,charm_flattery
conv_06145,neutral,neutral
conv_03209,passive_aggressive,passive_aggressive
conv_04575,guilt_tripping,guilt_tripping
conv_06518,love_bombing,love_bombing
conv_07282,passive_aggressive,passive_aggressive
conv_09090,charm_flattery,charm_flattery
conv_06917,neutral,neutral
conv_09763,neutral,neutral
conv_05056,charm_flattery,charm_flattery
conv_05603,guilt_tripping,guilt_tripping
conv_00614,gaslighting,gaslighting
conv_03389,passive_aggressive,passive_aggressive
conv_08499,direct_coercion,direct_coercion
conv_07371,charm_flattery,charm_flattery
conv_04004,charm_flattery,charm_flattery
conv_01642,guilt_tripping,guilt_tripping
conv_02455,neutral,neutral
conv_05826,gaslighting,gaslighting
conv_03392,direct_coercion,direct_coercion
conv_00310,charm_flattery,charm_flattery
conv_06599,love_bombing,love_bombing
conv_02631,passive_aggressive,passive_aggressive
conv_00647,passive_aggressive,passive_aggressive
conv_07419,direct_coercion,direct_coercion
conv_05684,love_bombing,love_bombing
conv_04797,charm_flattery,charm_flattery
conv_02890,direct_coercion,direct_coercion
conv_03076,direct_coercion,direct_coercion
conv_04841,direct_coercion,direct_coercion
conv_03412,direct_coercion,direct_coercion
conv_06067,charm_flattery,charm_flattery
conv_02828,love_bombing,love_bombing
conv_06973,charm_flattery,charm_flattery
conv_01833,love_bombing,love_bombing
conv_09977,charm_flattery,charm_flattery
conv_00767,guilt_tripping,guilt_tripping
conv_00408,guilt_tripping,guilt_tripping
conv_07286,neutral,neutral
conv_00843,gaslighting,gaslighting
conv_06646,love_bombing,love_bombing
conv_06416,gaslighting,gaslighting
conv_07021,gaslighting,gaslighting
conv_01943,charm_flattery,charm_flattery
conv_03552,passive_aggressive,passive_aggressive
conv_02042,love_bombing,love_bombing
conv_02889,neutral,neutral
conv_01619,love_bombing,love_bombing
conv_07094,passive_aggressive,passive_aggressive
conv_03695,passive_aggressive,passive_aggressive
conv_06960,guilt_tripping,guilt_tripping
conv_02753,direct_coercion,direct_coercion
conv_03414,love_bombing,love_bombing
conv_04190,charm_flattery,charm_flattery
conv_07952,direct_coercion,direct_coercion
conv_06472,passive_aggressive,passive_aggressive
conv_00619,guilt_tripping,guilt_tripping
conv_04137,charm_flattery,charm_flattery
conv_08633,charm_flattery,charm_flattery
conv_01648,charm_flattery,charm_flattery
conv_00490,love_bombing,love_bombing
conv_00564,neutral,neutral
conv_04701,gaslighting,gaslighting
conv_03971,charm_flattery,charm_flattery
conv_07829,neutral,neutral
conv_00366,guilt_tripping,guilt_tripping
conv_05822,passive_aggressive,passive_aggressive
conv_03529,guilt_tripping,guilt_tripping
conv_07513,neutral,neutral
conv_01683,charm_flattery,charm_flattery
conv_07196,passive_aggressive,passive_aggressive
conv_09441,charm_flattery,charm_flattery
conv_03585,love_bombing,love_bombing
conv_01709,neutral,neutral
conv_00753,charm_flattery,charm_flattery
conv_04904,guilt_tripping,guilt_tripping
conv_09477,direct_coercion,direct_coercion
conv_00814,direct_coercion,direct_coercion
conv_06729,guilt_tripping,guilt_tripping
conv_06548,gaslighting,gaslighting
conv_01803,charm_flattery,charm_flattery
conv_04620,guilt_tripping,guilt_tripping
conv_02257,direct_coercion,direct_coercion
conv_04279,love_bombing,love_bombing
conv_04514,guilt_tripping,guilt_tripping
conv_06288,love_bombing,love_bombing
conv_01235,neutral,neutral
conv_07331,guilt_tripping,guilt_tripping
conv_09608,love_bombing,love_bombing
conv_07487,neutral,neutral
conv_02281,neutral,neutral
conv_03846,passive_aggressive,passive_aggressive
conv_06217,direct_coercion,direct_coercion
conv_03986,love_bombing,love_bombing
conv_07588,passive_aggressive,passive_aggressive
conv_09886,love_bombing,love_bombing
conv_07245,love_bombing,love_bombing
conv_02003,direct_coercion,direct_coercion
conv_08866,charm_flattery,charm_flattery
conv_02986,passive_aggressive,passive_aggressive
conv_04877,passive_aggressive,passive_aggressive
conv_01908,passive_aggressive,passive_aggressive
conv_03708,guilt_tripping,guilt_tripping
conv_02827,neutral,neutral
conv_07491,neutral,neutral
conv_06307,neutral,neutral
conv_06934,passive_aggressive,passive_aggressive
conv_02541,gaslighting,gaslighting
conv_08539,love_bombing,love_bombing
conv_03141,neutral,neutral
conv_00277,passive_aggressive,passive_aggressive
conv_01577,direct_coercion,direct_coercion
conv_05525,love_bombing,love_bombing
conv_09798,passive_aggressive,passive_aggressive
conv_00175,guilt_tripping,guilt_tripping
conv_06771,guilt_tripping,guilt_tripping
conv_01710,neutral,neutral
conv_00041,love_bombing,love_bombing
conv_06442,passive_aggressive,passive_aggressive
conv_04698,passive_aggressive,passive_aggressive
conv_05739,love_bombing,love_bombing
conv_05431,guilt_tripping,guilt_tripping
conv_03637,charm_flattery,charm_flattery
conv_08250,charm_flattery,charm_flattery
conv_01324,love_bombing,love_bombing
conv_06241,passive_aggressive,passive_aggressive
conv_00039,love_bombing,love_bombing
conv_06378,gaslighting,gaslighting
conv_01170,gaslighting,gaslighting
conv_08127,gaslighting,gaslighting
conv_00065,passive_aggressive,passive_aggressive
conv_04196,love_bombing,love_bombing
conv_00206,guilt_tripping,guilt_tripping
conv_00045,love_bombing,love_bombing
conv_00709,guilt_tripping,guilt_tripping
conv_08692,neutral,neutral
conv_05725,neutral,neutral
conv_09057,direct_coercion,direct_coercion
conv_04038,charm_flattery,charm_flattery
conv_01868,guilt_tripping,guilt_tripping
conv_03766,passive_aggressive,passive_aggressive
conv_06845,neutral,neutral
conv_01890,guilt_tripping,guilt_tripping
conv_00170,direct_coercion,direct_coercion
conv_08374,charm_flattery,charm_flattery
conv_09108,direct_coercion,direct_coercion
conv_04990,charm_flattery,charm_flattery
conv_01840,neutral,neutral
conv_03838,direct_coercion,direct_coercion
conv_06760,passive_aggressive,passive_aggressive
conv_03199,gaslighting,gaslighting
conv_08575,direct_coercion,direct_coercion
conv_07280,guilt_tripping,guilt_tripping
conv_03636,direct_coercion,direct_coercion
conv_02017,passive_aggressive,passive_aggressive
conv_05819,gaslighting,gaslighting
conv_09515,love_bombing,love_bombing
conv_08198,love_bombing,love_bombing
conv_07349,love_bombing,love_bombing
conv_07412,guilt_tripping,guilt_tripping
conv_07173,direct_coercion,direct_coercion
conv_03907,charm_flattery,charm_flattery
conv_03616,love_bombing,love_bombing
conv_08547,guilt_tripping,guilt_tripping
conv_04379,guilt_tripping,guilt_tripping
conv_00264,guilt_tripping,guilt_tripping
conv_03803,guilt_tripping,guilt_tripping
conv_00779,love_bombing,love_bombing
conv_04901,charm_flattery,charm_flattery
conv_05195,guilt_tripping,guilt_tripping
conv_05736,love_bombing,love_bombing
conv_02793,charm_flattery,charm_flattery
conv_08458,guilt_tripping,guilt_tripping
conv_07100,gaslighting,gaslighting
conv_07052,direct_coercion,direct_coercion
conv_06061,guilt_tripping,guilt_tripping
conv_04002,neutral,neutral
conv_09043,charm_flattery,charm_flattery
conv_04263,love_bombing,love_bombing
conv_08813,gaslighting,gaslighting
conv_04343,guilt_tripping,guilt_tripping
conv_07394,neutral,neutral
conv_02761,love_bombing,love_bombing
conv_08108,gaslighting,gaslighting
conv_06705,gaslighting,gaslighting
conv_04234,gaslighting,gaslighting
conv_09853,charm_flattery,charm_flattery
conv_06342,gaslighting,gaslighting
conv_04982,direct_coercion,direct_coercion
conv_03010,guilt_tripping,guilt_tripping
conv_05687,guilt_tripping,guilt_tripping
conv_03777,love_bombing,love_bombing
conv_00854,love_bombing,love_bombing
conv_06816,gaslighting,gaslighting
conv_02026,gaslighting,gaslighting
conv_08887,charm_flattery,charm_flattery
conv_07271,neutral,neutral
conv_01230,charm_flattery,charm_flattery
conv_04237,charm_flattery,charm_flattery
